,time_to_collect,avg_bill_methods,debtor_volume_handled,bill_amount_collected,total_actual,total_cost,success_rate
0,0,sms or WA,7,14400000,35700000,277706,40.0
1,11,panggilan,35,79000000,160500000,22382611,49.0
2,4,sms or WA,6,7100000,26700000,205389,27.0
3,29,datang ke tempat,63,782000000,1395000000,482942548,56.00000000000001
4,22,datang ke tempat,35,346000000,485500000,151035603,71.0
5,20,datang ke tempat,36,466000000,883500000,284316268,53.0
6,17,datang ke tempat,48,492000000,837000000,464890525,59.0
7,24,datang ke tempat,69,564000000,649500000,432161409,87.0
8,6,surat panggilan,21,19500000,43000000,1769207,45.0
9,20,datang ke tempat,53,236000000,1709500000,362025377,14.000000000000002
10,23,datang ke tempat,48,650000000,715500000,157060396,91.0
11,29,datang ke tempat,42,280000000,606000000,166751227,46.0
12,0,sms or WA,17,30600000,75500000,419279,41.0
13,16,datang ke tempat,61,286000000,1020500000,305352973,28.000000000000004
14,22,datang ke tempat,69,176000000,831000000,558060691,21.0
15,22,datang ke tempat,50,124000000,502000000,127228206,25.0
16,20,datang ke tempat,55,185000000,185000000,195288735,100.0
17,10,surat panggilan,24,72500000,153000000,1899226,47.0
18,29,datang ke tempat,50,168000000,473500000,305034616,35.0
19,0,sms or WA,16,25200000,41900000,668008,60.0
20,24,datang ke tempat,41,416000000,479500000,105962917,87.0
21,29,datang ke tempat,43,368000000,740000000,229999237,50.0
22,1,sms or WA,14,43800000,125500000,602604,35.0
23,5,sms or WA,19,84400000,126300000,522330,67.0
24,15,panggilan,30,239000000,344000000,42217405,69.0
25,17,datang ke tempat,56,846000000,1928500000,284522568,44.0
26,16,datang ke tempat,43,452000000,1223000000,181629135,37.0
27,5,sms or WA,15,12100000,21500000,211975,56.00000000000001
28,19,datang ke tempat,35,300000000,1040500000,279436686,29.0
29,25,datang ke tempat,50,462000000,623500000,193612219,74.0
30,7,surat panggilan,29,21500000,334000000,1986477,6.0
31,25,datang ke tempat,64,208000000,1236500000,255873333,17.0
32,23,datang ke tempat,31,228000000,642500000,284505506,35.0
33,5,sms or WA,19,125300000,188600000,701029,66.0
34,23,datang ke tempat,50,248000000,650500000,58750749,38.0
35,26,datang ke tempat,62,288000000,358000000,256704397,80.0
36,9,surat panggilan,31,74500000,120000000,1840518,62.0
37,13,panggilan,43,193000000,482500000,21056445,40.0
38,12,panggilan,36,264000000,461000000,71771042,56.99999999999999
39,26,datang ke tempat,33,526000000,597000000,296643876,88.0
40,23,datang ke tempat,36,98000000,228000000,191536981,43.0
41,15,panggilan,38,69000000,522000000,14973954,13.0
42,19,datang ke tempat,30,888000000,1009500000,217211037,88.0
43,8,surat panggilan,36,28500000,68500000,2050729,42.0
44,15,panggilan,40,184000000,312000000,26768368,59.0
45,23,datang ke tempat,33,484000000,513000000,295467055,94.0
46,7,surat panggilan,37,228500000,533500000,3227483,43.0
47,1,sms or WA,7,4800000,19200000,318875,25.0
48,20,datang ke tempat,46,138000000,810500000,100229023,17.0
49,25,datang ke tempat,60,388000000,1270500000,345489681,31.0
50,0,sms or WA,6,11800000,46100000,257391,26.0
51,28,datang ke tempat,52,690000000,777500000,84607218,89.0
52,15,panggilan,36,289000000,672000000,61810951,43.0
53,17,datang ke tempat,54,162000000,180000000,539463426,90.0
54,4,sms or WA,17,105900000,107000000,173279,99.0
55,24,datang ke tempat,66,426000000,1498500000,451245174,28.000000000000004
56,21,datang ke tempat,56,378000000,556000000,261547571,68.0
57,5,sms or WA,7,51100000,51100000,322312,100.0
58,21,datang ke tempat,49,208000000,863000000,121889830,24.0
59,12,panggilan,37,89000000,633500000,52132205,14.000000000000002
60,4,sms or WA,6,7100000,24300000,155849,29.0
61,7,surat panggilan,30,188000000,436500000,1938677,43.0
62,6,surat panggilan,30,89500000,162000000,2954243,55.00000000000001
63,27,datang ke tempat,50,582000000,1039000000,378926263,56.00000000000001
64,15,panggilan,36,391000000,625000000,28670220,63.0
65,27,datang ke tempat,31,428000000,783500000,191745044,55.00000000000001
66,24,datang ke tempat,68,866000000,1249000000,369045287,69.0
67,19,datang ke tempat,41,168000000,187000000,48743582,90.0
68,19,datang ke tempat,64,1246000000,1805000000,615960169,69.0
69,0,sms or WA,17,8600000,141800000,843130,6.0
70,28,datang ke tempat,60,292000000,747000000,472193078,39.0
71,26,datang ke tempat,55,270000000,299000000,119190276,90.0
72,12,panggilan,49,513000000,843500000,92939078,61.0
73,5,sms or WA,7,24800000,47500000,282002,52.0
74,4,sms or WA,7,3300000,9000000,87812,37.0
75,14,panggilan,39,89000000,95500000,26051224,93.0
76,9,surat panggilan,28,27500000,173000000,2552340,16.0
77,3,sms or WA,16,54000000,143100000,568306,38.0
78,18,datang ke tempat,49,262000000,377000000,238328672,69.0
79,9,surat panggilan,22,31000000,191000000,2138346,16.0
80,11,panggilan,34,330000000,515000000,44863796,64.0
81,24,datang ke tempat,65,757000000,757000000,530653277,100.0
82,6,surat panggilan,20,64500000,144500000,1584944,45.0
83,11,panggilan,46,555000000,886000000,68189498,63.0
84,11,panggilan,39,69000000,279500000,35095044,25.0
85,1,sms or WA,10,36400000,67900000,283985,54.0
86,23,datang ke tempat,42,922000000,1108500000,368873743,83.0
87,28,datang ke tempat,60,984000000,1806000000,223590970,54.0
88,7,surat panggilan,25,39000000,68000000,1811274,56.99999999999999
89,16,datang ke tempat,65,1510000000,2230000000,187063834,68.0
90,18,datang ke tempat,65,604000000,1847500000,650779127,33.0
91,7,surat panggilan,31,52500000,82500000,2134412,64.0
92,18,datang ke tempat,50,242000000,1408000000,64746223,17.0
93,27,datang ke tempat,41,221500000,221500000,351332555,100.0
94,5,sms or WA,2,1300000,1700000,53099,76.0
95,15,panggilan,39,238000000,680500000,72215125,35.0
96,6,surat panggilan,23,55500000,58000000,1438630,96.0
97,12,panggilan,37,311000000,535500000,26995055,57.99999999999999
98,16,datang ke tempat,56,220000000,1933000000,275696334,11.0
99,7,surat panggilan,32,91000000,184500000,2319489,49.0
100,27,datang ke tempat,36,242000000,262500000,89568697,92.0
101,22,datang ke tempat,69,738000000,1959000000,395381273,38.0
102,19,datang ke tempat,34,540000000,720500000,65536394,75.0
103,12,panggilan,43,318000000,467500000,8888626,68.0
104,16,datang ke tempat,57,1086000000,1468500000,536234794,74.0
105,0,sms or WA,16,23800000,98900000,269192,24.0
106,11,panggilan,46,383000000,866000000,82370808,44.0
107,28,datang ke tempat,31,136000000,1047500000,134074505,13.0
108,9,surat panggilan,31,241500000,392500000,2295223,62.0
109,6,surat panggilan,37,112500000,550000000,3252387,20.0
110,13,panggilan,40,353000000,474000000,26662819,74.0
111,0,sms or WA,12,46100000,100900000,621105,46.0
112,18,datang ke tempat,62,156000000,430000000,501324583,36.0
113,27,datang ke tempat,50,674000000,1663000000,140760583,41.0
114,6,surat panggilan,36,285500000,471000000,2788004,61.0
115,5,sms or WA,17,18500000,28900000,341553,64.0
116,5,sms or WA,14,6500000,73900000,238815,9.0
117,8,surat panggilan,23,64500000,75000000,2233173,86.0
118,28,datang ke tempat,66,208000000,738000000,199189900,28.000000000000004
119,20,datang ke tempat,44,218000000,701500000,400665394,31.0
120,1,sms or WA,1,3300000,4400000,57004,75.0
121,28,datang ke tempat,50,584000000,1099000000,121010053,53.0
122,14,panggilan,44,737000000,745000000,17538151,99.0
123,27,datang ke tempat,43,93500000,93500000,397406015,100.0
124,6,surat panggilan,34,84500000,139000000,1903226,61.0
125,3,sms or WA,7,4500000,12100000,108930,37.0
126,7,surat panggilan,36,30500000,315000000,3100782,10.0
127,17,datang ke tempat,32,734000000,941500000,283894818,78.0
128,14,panggilan,37,258000000,355500000,40726437,73.0
129,1,sms or WA,13,78000000,108500000,347334,72.0
130,10,surat panggilan,21,23000000,45000000,1715108,51.0
131,2,sms or WA,4,22100000,27600000,145520,80.0
132,23,datang ke tempat,69,171000000,171000000,626799344,100.0
133,21,datang ke tempat,56,666000000,680500000,446764306,98.0
134,20,datang ke tempat,38,518000000,550000000,194161659,94.0
135,15,panggilan,32,43000000,99000000,38169823,43.0
136,5,sms or WA,9,9600000,53000000,493791,18.0
137,27,datang ke tempat,36,222000000,364500000,251214787,61.0
138,0,sms or WA,8,50900000,51400000,319558,99.0
139,28,datang ke tempat,67,1152000000,1695500000,458908039,68.0
140,15,panggilan,39,285000000,379500000,22256529,75.0
141,6,surat panggilan,37,40000000,447500000,2830966,9.0
142,26,datang ke tempat,50,742000000,1624000000,266070826,46.0
143,11,panggilan,39,260000000,292500000,35297838,89.0
144,13,panggilan,39,256000000,275500000,46369246,93.0
145,26,datang ke tempat,30,122000000,133500000,227709321,91.0
146,8,surat panggilan,33,34000000,438000000,2386554,8.0
147,16,datang ke tempat,60,766000000,1149000000,69085094,67.0
148,2,sms or WA,10,31100000,46400000,108769,67.0
149,17,datang ke tempat,69,904000000,2002500000,673875398,45.0
150,15,panggilan,32,133000000,254000000,29775098,52.0
151,4,sms or WA,15,12300000,36400000,719890,34.0
152,25,datang ke tempat,66,314000000,598500000,484525853,52.0
153,14,panggilan,37,243000000,400500000,35596787,61.0
154,0,sms or WA,18,14100000,17700000,623697,80.0
155,0,sms or WA,5,33600000,45300000,238560,74.0
156,21,datang ke tempat,33,520000000,937500000,336090358,55.00000000000001
157,10,surat panggilan,24,174000000,353500000,2027587,49.0
158,18,datang ke tempat,49,138000000,336500000,394644967,41.0
159,17,datang ke tempat,59,1228000000,1625500000,249362989,76.0
160,25,datang ke tempat,36,294000000,531000000,240140271,55.00000000000001
161,15,panggilan,49,107000000,132500000,84801625,81.0
162,4,sms or WA,3,5800000,7600000,57973,76.0
163,17,datang ke tempat,52,478000000,1667000000,343231701,29.0
164,1,sms or WA,12,15500000,115500000,183034,13.0
165,22,datang ke tempat,33,438000000,850500000,56533328,51.0
166,22,datang ke tempat,46,160000000,963500000,136409666,17.0
167,22,datang ke tempat,60,778000000,1318500000,600416960,59.0
168,13,panggilan,45,517000000,609500000,75167794,85.0
169,7,surat panggilan,22,91500000,229000000,1353702,40.0
170,6,surat panggilan,35,162500000,223500000,1864719,73.0
171,20,datang ke tempat,45,182000000,1272000000,148797268,14.000000000000002
172,15,panggilan,35,84000000,92500000,51815711,91.0
173,11,panggilan,47,121000000,612500000,49950851,20.0
174,28,datang ke tempat,34,808000000,1134500000,123103228,71.0
175,6,surat panggilan,32,107000000,148500000,3005265,72.0
176,5,sms or WA,13,60500000,81800000,462570,74.0
177,22,datang ke tempat,47,162000000,329500000,157121563,49.0
178,9,surat panggilan,28,53500000,54500000,2739205,98.0
179,0,sms or WA,9,17900000,63300000,392095,28.000000000000004
180,12,panggilan,30,296000000,414000000,14993090,71.0
181,29,datang ke tempat,39,1212000000,1234500000,309317343,98.0
182,1,sms or WA,6,21400000,44800000,338581,48.0
183,7,surat panggilan,25,265500000,275000000,2167094,97.0
184,8,surat panggilan,21,60000000,253500000,1536865,24.0
185,8,surat panggilan,35,176500000,404000000,3561119,44.0
186,24,datang ke tempat,46,144000000,525500000,308530587,27.0
187,22,datang ke tempat,63,334000000,1006500000,124444383,33.0
188,5,sms or WA,14,75600000,85100000,200545,89.0
189,4,sms or WA,3,2300000,2400000,105047,96.0
190,13,panggilan,47,357000000,387500000,28828874,92.0
191,12,panggilan,48,61000000,156000000,24862923,39.0
192,28,datang ke tempat,66,690000000,1495500000,421986237,46.0
193,4,sms or WA,17,56200000,124100000,739938,45.0
194,11,panggilan,43,508000000,726500000,46302373,70.0
195,22,datang ke tempat,44,176000000,1474000000,154502194,12.0
196,25,datang ke tempat,47,96000000,1219000000,97836583,8.0
197,13,panggilan,32,193000000,293000000,37912882,66.0
198,21,datang ke tempat,39,115500000,115500000,326882426,100.0
199,28,datang ke tempat,56,172000000,862000000,298335605,20.0
200,22,datang ke tempat,57,1162000000,1617000000,234115147,72.0
201,12,panggilan,38,76000000,339000000,71502763,22.0
202,19,datang ke tempat,68,904000000,1708000000,293568427,53.0
203,2,sms or WA,15,17700000,40000000,180538,44.0
204,14,panggilan,38,298000000,614000000,25446637,49.0
205,1,sms or WA,1,400000,6400000,49971,6.0
206,27,datang ke tempat,54,456000000,894000000,439241731,51.0
207,11,panggilan,33,564000000,646500000,51181323,87.0
208,13,panggilan,32,339000000,587000000,29119168,57.99999999999999
209,18,datang ke tempat,43,602000000,863000000,113942096,70.0
210,5,sms or WA,12,28700000,109200000,209656,26.0
211,4,sms or WA,16,13100000,94100000,177586,14.000000000000002
212,14,panggilan,33,43000000,427500000,20097727,10.0
213,3,sms or WA,19,127100000,184200000,709601,69.0
214,11,panggilan,34,120000000,176000000,44444237,68.0
215,4,sms or WA,14,16200000,32800000,198467,49.0
216,21,datang ke tempat,64,178000000,207500000,85899723,86.0
217,3,sms or WA,8,17400000,44500000,213799,39.0
218,16,datang ke tempat,35,166000000,172000000,340709337,97.0
219,12,panggilan,38,418000000,502000000,25304479,83.0
220,22,datang ke tempat,44,362000000,515500000,419539962,70.0
221,1,sms or WA,5,28400000,32200000,186555,88.0
222,12,panggilan,34,100000000,139000000,69658970,72.0
223,3,sms or WA,18,21400000,25000000,915124,86.0
224,1,sms or WA,6,13800000,45600000,331249,30.0
225,25,datang ke tempat,34,828000000,861500000,89351594,96.0
226,21,datang ke tempat,33,164000000,295500000,77421643,55.00000000000001
227,1,sms or WA,11,31900000,57100000,194196,56.00000000000001
228,24,datang ke tempat,42,176000000,951000000,243128661,19.0
229,17,datang ke tempat,44,174000000,1090000000,210023035,16.0
230,21,datang ke tempat,53,1178000000,1229500000,471862956,96.0
231,14,panggilan,36,213000000,638000000,71961662,33.0
232,16,datang ke tempat,61,480000000,1857500000,378729038,26.0
233,5,sms or WA,6,14900000,57400000,169079,26.0
234,14,panggilan,43,110000000,114500000,77746682,96.0
235,18,datang ke tempat,64,498000000,627500000,125038707,79.0
236,22,datang ke tempat,40,1152000000,1187000000,279637031,97.0
237,3,sms or WA,1,5100000,5600000,25263,91.0
238,4,sms or WA,5,13700000,25000000,65827,55.00000000000001
239,4,sms or WA,13,27500000,59800000,359661,46.0
240,20,datang ke tempat,50,418000000,737500000,155148997,56.99999999999999
241,23,datang ke tempat,48,366000000,1506000000,304195587,24.0
242,24,datang ke tempat,68,340000000,475000000,321813413,72.0
243,2,sms or WA,6,4100000,44200000,223255,9.0
244,12,panggilan,48,373000000,722000000,42527200,52.0
245,9,surat panggilan,33,91500000,124500000,2842277,73.0
246,6,surat panggilan,30,172000000,439500000,2455746,39.0
247,11,panggilan,40,155000000,605000000,74468204,26.0
248,26,datang ke tempat,55,1056000000,1311500000,169000933,81.0
249,23,datang ke tempat,63,272000000,537000000,599427007,51.0
250,12,panggilan,45,217000000,295500000,63480431,73.0
251,23,datang ke tempat,38,792000000,1000000000,234436865,79.0
252,0,sms or WA,1,800000,900000,54495,89.0
253,9,surat panggilan,25,111000000,151500000,2194529,73.0
254,17,datang ke tempat,42,414000000,675000000,144105929,61.0
255,3,sms or WA,17,22200000,105900000,758953,21.0
256,10,surat panggilan,38,51500000,305000000,2797874,17.0
257,2,sms or WA,18,52800000,92300000,928619,56.99999999999999
258,5,sms or WA,7,4300000,21900000,325147,20.0
259,24,datang ke tempat,45,680000000,919500000,195402827,74.0
260,10,surat panggilan,23,206500000,291000000,1529546,71.0
261,23,datang ke tempat,59,244000000,244000000,239739106,100.0
262,25,datang ke tempat,56,1484000000,1556500000,506156689,95.0
263,27,datang ke tempat,65,1844000000,2045500000,568229744,90.0
264,7,surat panggilan,32,19500000,184000000,3049918,11.0
265,21,datang ke tempat,63,128000000,1831500000,326114185,7.000000000000001
266,7,surat panggilan,24,20500000,116000000,1622677,18.0
267,29,datang ke tempat,39,532000000,1149000000,201845820,46.0
268,28,datang ke tempat,30,458000000,697500000,156417221,66.0
269,18,datang ke tempat,57,238000000,1486500000,576813587,16.0
270,23,datang ke tempat,48,322000000,778500000,298943297,41.0
271,27,datang ke tempat,44,560000000,980500000,221480193,56.99999999999999
272,6,surat panggilan,34,79000000,186000000,2297628,42.0
273,16,datang ke tempat,40,256000000,702500000,103280481,36.0
274,0,sms or WA,9,4400000,7300000,225281,60.0
275,24,datang ke tempat,64,1018000000,1400000000,166096840,73.0
276,5,sms or WA,12,99800000,111200000,222104,90.0
277,5,sms or WA,9,29000000,73700000,207884,39.0
278,16,datang ke tempat,36,690000000,1242000000,152251902,56.00000000000001
279,0,sms or WA,11,13500000,26800000,214607,50.0
280,9,surat panggilan,39,211000000,516500000,2380720,41.0
281,6,surat panggilan,25,53500000,106500000,1801484,50.0
282,12,panggilan,41,69000000,116500000,51923150,59.0
283,29,datang ke tempat,32,284000000,562000000,188292634,51.0
284,15,panggilan,45,645000000,743500000,89097483,87.0
285,26,datang ke tempat,32,240000000,571000000,202558903,42.0
286,14,panggilan,43,538000000,584500000,73794685,92.0
287,19,datang ke tempat,37,430000000,699500000,91120025,61.0
288,13,panggilan,36,666000000,714000000,47015886,93.0
289,27,datang ke tempat,64,190000000,344000000,649874066,55.00000000000001
290,2,sms or WA,9,13700000,43200000,271337,32.0
291,27,datang ke tempat,35,94000000,101500000,196643114,93.0
292,16,datang ke tempat,64,278000000,411500000,109808893,68.0
293,23,datang ke tempat,46,268000000,369500000,185585054,73.0
294,0,sms or WA,2,12700000,18100000,138436,70.0
295,29,datang ke tempat,30,178000000,238500000,109113735,75.0
296,29,datang ke tempat,68,478000000,1606000000,276537025,30.0
297,12,panggilan,33,67000000,647500000,18793172,10.0
298,3,sms or WA,2,14100000,16000000,144925,88.0
299,23,datang ke tempat,57,608000000,1510500000,107617651,40.0
300,24,datang ke tempat,44,302000000,553000000,137689273,55.00000000000001
301,25,datang ke tempat,33,172000000,217500000,175289013,79.0
302,12,panggilan,30,71000000,245000000,14736406,29.0
303,18,datang ke tempat,55,270000000,1439000000,290490873,19.0
304,26,datang ke tempat,38,498000000,833500000,109919557,60.0
305,9,surat panggilan,26,33500000,273000000,1627648,12.0
306,7,surat panggilan,24,30000000,105000000,2158287,29.0
307,8,surat panggilan,31,38000000,349500000,1679739,11.0
308,12,panggilan,44,86000000,456000000,68953344,19.0
309,6,surat panggilan,38,33000000,85500000,3688278,39.0
310,6,surat panggilan,38,177000000,193500000,3685150,91.0
311,15,panggilan,35,234000000,613500000,27668836,38.0
312,24,datang ke tempat,38,520000000,794500000,355766051,65.0
313,11,panggilan,31,101000000,124500000,12964449,81.0
314,2,sms or WA,11,30000000,66500000,318628,45.0
315,18,datang ke tempat,50,101500000,101500000,158289390,100.0
316,21,datang ke tempat,69,152000000,252000000,465114219,60.0
317,19,datang ke tempat,66,392000000,1456500000,382865515,27.0
318,10,surat panggilan,24,94000000,183500000,2050889,51.0
319,11,panggilan,34,197000000,497000000,10807960,40.0
320,6,surat panggilan,39,237000000,263500000,2448993,90.0
321,3,sms or WA,11,22700000,86100000,379645,26.0
322,22,datang ke tempat,34,496000000,749000000,201439418,66.0
323,19,datang ke tempat,31,432000000,950000000,248152647,45.0
324,23,datang ke tempat,52,106000000,324500000,198835244,33.0
325,1,sms or WA,11,4900000,17400000,481146,28.000000000000004
326,2,sms or WA,12,9100000,32500000,234396,28.000000000000004
327,24,datang ke tempat,40,266000000,927500000,287639519,29.0
328,12,panggilan,30,284000000,487000000,58222548,57.99999999999999
329,12,panggilan,45,599000000,851500000,9296271,70.0
330,4,sms or WA,12,77500000,110400000,195425,70.0
331,18,datang ke tempat,51,746000000,1579500000,143506842,47.0
332,21,datang ke tempat,54,590000000,768000000,403812842,77.0
333,4,sms or WA,2,5400000,13900000,109167,39.0
334,4,sms or WA,1,2000000,3200000,73260,62.0
335,8,surat panggilan,29,54000000,60500000,1477944,89.0
336,4,sms or WA,14,30700000,115200000,586418,27.0
337,12,panggilan,38,217000000,347000000,47784162,63.0
338,19,datang ke tempat,60,222000000,237000000,85994072,94.0
339,0,sms or WA,10,22500000,46700000,204808,48.0
340,0,sms or WA,3,4600000,22700000,114859,20.0
341,21,datang ke tempat,58,276000000,2000000000,297683468,14.000000000000002
342,7,surat panggilan,31,87000000,129000000,1723602,67.0
343,21,datang ke tempat,46,676000000,1440500000,294880019,47.0
344,24,datang ke tempat,51,460000000,790500000,345704642,57.99999999999999
345,15,panggilan,47,265000000,444500000,84752585,60.0
346,24,datang ke tempat,64,1136000000,1440500000,210318634,79.0
347,27,datang ke tempat,41,178000000,1174000000,351147274,15.0
348,22,datang ke tempat,65,366000000,689500000,269566748,53.0
349,5,sms or WA,1,6300000,8700000,35289,72.0
350,22,datang ke tempat,66,1454000000,1920000000,124765901,76.0
351,24,datang ke tempat,60,1492000000,1959000000,126078614,76.0
352,26,datang ke tempat,45,114000000,151500000,130647715,75.0
353,4,sms or WA,19,49400000,50000000,190302,99.0
354,23,datang ke tempat,43,312000000,648500000,366873461,48.0
355,11,panggilan,43,71000000,136500000,58756206,52.0
356,5,sms or WA,13,12600000,129200000,243723,10.0
357,19,datang ke tempat,31,96000000,140000000,216037629,69.0
358,21,datang ke tempat,35,79000000,79000000,236650242,100.0
359,7,surat panggilan,34,119000000,211000000,2332678,56.00000000000001
360,13,panggilan,32,426000000,544000000,21831845,78.0
361,15,panggilan,40,694000000,713000000,37883280,97.0
362,22,datang ke tempat,68,596000000,662500000,419273209,90.0
363,23,datang ke tempat,63,172000000,405000000,390733556,42.0
364,26,datang ke tempat,66,576000000,642000000,161378367,90.0
365,26,datang ke tempat,69,768000000,1815000000,519288735,42.0
366,26,datang ke tempat,59,700000000,1037500000,496348580,67.0
367,25,datang ke tempat,35,634000000,817000000,48987398,78.0
368,12,panggilan,34,359000000,363000000,62609289,99.0
369,29,datang ke tempat,58,392000000,600500000,562042839,65.0
370,14,panggilan,48,604000000,620000000,67876083,97.0
371,19,datang ke tempat,41,204000000,260500000,372608584,78.0
372,23,datang ke tempat,60,346000000,843000000,202468896,41.0
373,10,surat panggilan,24,14000000,192000000,2203793,7.000000000000001
374,3,sms or WA,17,49700000,114700000,810349,43.0
375,2,sms or WA,14,75900000,121300000,226037,63.0
376,20,datang ke tempat,35,306000000,736000000,297963787,42.0
377,24,datang ke tempat,59,236000000,517000000,184956899,46.0
378,10,surat panggilan,33,57000000,114500000,1982095,50.0
379,0,sms or WA,10,4300000,6000000,456333,72.0
380,20,datang ke tempat,48,774000000,1131000000,252461432,68.0
381,3,sms or WA,7,56200000,59000000,102870,95.0
382,10,surat panggilan,34,53500000,455000000,3288171,12.0
383,3,sms or WA,14,36400000,36800000,348344,99.0
384,22,datang ke tempat,50,598000000,1262500000,499330355,47.0
385,7,surat panggilan,30,121500000,122500000,1981012,99.0
386,1,sms or WA,9,30500000,42900000,412018,71.0
387,21,datang ke tempat,59,358000000,542500000,352627675,66.0
388,15,panggilan,38,79000000,93000000,13393047,85.0
389,14,panggilan,32,45000000,199000000,44464129,23.0
390,8,surat panggilan,32,71500000,242000000,3195815,30.0
391,7,surat panggilan,25,46000000,85000000,2167798,54.0
392,22,datang ke tempat,42,202000000,219000000,278863040,92.0
393,19,datang ke tempat,39,146000000,309000000,292982172,47.0
394,12,panggilan,38,101000000,468000000,58069870,22.0
395,10,surat panggilan,29,124500000,300500000,2483885,41.0
396,14,panggilan,48,77000000,193000000,79183417,40.0
397,1,sms or WA,8,4100000,4200000,368898,98.0
398,10,surat panggilan,22,93500000,188000000,1470714,50.0
399,9,surat panggilan,35,52500000,85000000,3597304,62.0
400,12,panggilan,33,175000000,357500000,18138894,49.0
401,18,datang ke tempat,66,1528000000,2110500000,654033513,72.0
402,25,datang ke tempat,35,202000000,248500000,206977904,81.0
403,11,panggilan,43,62000000,309500000,41180540,20.0
404,4,sms or WA,12,62800000,85000000,162643,74.0
405,24,datang ke tempat,62,272000000,1309000000,419667546,21.0
406,16,datang ke tempat,47,262000000,364000000,225631287,72.0
407,18,datang ke tempat,66,138000000,1770000000,340750599,8.0
408,17,datang ke tempat,54,166000000,186000000,456826993,89.0
409,9,surat panggilan,26,133500000,141000000,2233690,95.0
410,28,datang ke tempat,55,798000000,1338500000,296086561,60.0
411,15,panggilan,32,399000000,523000000,43967939,76.0
412,1,sms or WA,17,40400000,90300000,796140,45.0
413,23,datang ke tempat,51,606000000,922500000,57548826,66.0
414,14,panggilan,40,100000000,169000000,23130774,59.0
415,14,panggilan,30,97000000,141000000,45617280,69.0
416,4,sms or WA,12,32300000,51000000,295786,63.0
417,9,surat panggilan,30,229500000,429500000,2879807,53.0
418,28,datang ke tempat,68,424000000,682000000,595333415,62.0
419,24,datang ke tempat,38,424000000,778000000,216772517,54.0
420,22,datang ke tempat,42,570000000,1093500000,117844205,52.0
421,17,datang ke tempat,68,552000000,2234500000,134104069,25.0
422,25,datang ke tempat,44,200000000,619000000,234019230,32.0
423,6,surat panggilan,23,232500000,255000000,1169563,91.0
424,2,sms or WA,2,8300000,13100000,72033,63.0
425,28,datang ke tempat,35,640000000,853000000,59737478,75.0
426,12,panggilan,36,484000000,652000000,30242112,74.0
427,17,datang ke tempat,52,230000000,1043000000,168709993,22.0
428,6,surat panggilan,29,94000000,185500000,1728270,51.0
429,11,panggilan,48,222000000,558000000,37226650,40.0
430,23,datang ke tempat,36,128000000,1215000000,307905571,11.0
431,6,surat panggilan,23,55500000,86500000,2042730,64.0
432,23,datang ke tempat,65,442000000,1063000000,259450668,42.0
433,18,datang ke tempat,44,182000000,439000000,111805799,41.0
434,0,sms or WA,14,31800000,63400000,294435,50.0
435,27,datang ke tempat,60,142000000,193500000,131200924,73.0
436,19,datang ke tempat,58,182000000,308000000,63841583,59.0
437,20,datang ke tempat,53,1288000000,1810000000,216175049,71.0
438,6,surat panggilan,27,23000000,45500000,1956870,51.0
439,28,datang ke tempat,61,998000000,1922000000,111091911,52.0
440,29,datang ke tempat,63,464000000,592500000,79272199,78.0
441,23,datang ke tempat,38,316000000,1100500000,111730245,29.0
442,14,panggilan,40,165000000,628000000,59259469,26.0
443,22,datang ke tempat,65,1402000000,2098000000,264371520,67.0
444,28,datang ke tempat,58,288000000,350000000,118811544,82.0
445,8,surat panggilan,25,72000000,159000000,1519290,45.0
446,11,panggilan,30,72000000,169000000,42342787,43.0
447,2,sms or WA,17,36500000,111600000,506656,33.0
448,13,panggilan,35,360000000,510500000,22413672,71.0
449,22,datang ke tempat,51,596000000,1428000000,227044024,42.0
450,14,panggilan,38,54000000,277000000,14744068,19.0
451,7,surat panggilan,38,177500000,342000000,3367590,52.0
452,4,sms or WA,15,45600000,69800000,432801,65.0
453,13,panggilan,37,436000000,571500000,18077660,76.0
454,12,panggilan,30,559000000,593000000,21926248,94.0
455,28,datang ke tempat,68,1082000000,2149000000,495699206,50.0
456,21,datang ke tempat,53,470000000,1415500000,361446688,33.0
457,2,sms or WA,8,58200000,78500000,186831,74.0
458,21,datang ke tempat,52,570000000,1317500000,407502079,43.0
459,8,surat panggilan,39,350000000,353500000,1970018,99.0
460,3,sms or WA,14,29300000,36900000,544944,79.0
461,12,panggilan,49,278000000,656500000,54466080,42.0
462,20,datang ke tempat,66,720000000,1165500000,258872380,62.0
463,3,sms or WA,5,26600000,28000000,198852,95.0
464,4,sms or WA,18,10800000,23000000,562882,47.0
465,17,datang ke tempat,67,1260000000,1553000000,370773067,81.0
466,26,datang ke tempat,33,458000000,460500000,136464226,99.0
467,0,sms or WA,10,19800000,91200000,185431,22.0
468,9,surat panggilan,39,463500000,467000000,3679736,99.0
469,6,surat panggilan,36,41000000,51000000,2758178,80.0
470,6,surat panggilan,36,77500000,86500000,1968078,90.0
471,1,sms or WA,17,93200000,146800000,810070,63.0
472,10,surat panggilan,25,74000000,189500000,2371806,39.0
473,9,surat panggilan,29,55000000,274000000,2684801,20.0
474,27,datang ke tempat,69,168000000,168000000,492665864,100.0
475,24,datang ke tempat,47,264000000,707500000,96101239,37.0
476,26,datang ke tempat,67,1036000000,1878500000,614113785,55.00000000000001
477,6,surat panggilan,30,360000000,404500000,3077243,89.0
478,18,datang ke tempat,41,114000000,293500000,63529858,39.0
479,27,datang ke tempat,66,1606000000,1648500000,502757701,97.0
480,10,surat panggilan,36,140000000,142500000,3493233,98.0
481,13,panggilan,43,225000000,345500000,58556875,65.0
482,27,datang ke tempat,39,684000000,840000000,278877629,81.0
483,2,sms or WA,19,12200000,64000000,703017,19.0
484,7,surat panggilan,36,65500000,124500000,2153588,53.0
485,26,datang ke tempat,62,692000000,1796500000,585855153,39.0
486,2,sms or WA,11,25800000,90000000,150595,29.0
487,25,datang ke tempat,48,518000000,895500000,394408217,57.99999999999999
488,27,datang ke tempat,31,354000000,843500000,247526126,42.0
489,22,datang ke tempat,56,166000000,166000000,167348391,100.0
490,4,sms or WA,6,18100000,19700000,277666,92.0
491,20,datang ke tempat,53,492000000,569500000,494164647,86.0
492,15,panggilan,34,507000000,547000000,40324211,93.0
493,20,datang ke tempat,52,302000000,434000000,474244883,70.0
494,19,datang ke tempat,48,472000000,1645500000,55599986,29.0
495,9,surat panggilan,31,117500000,296500000,1690993,40.0
496,17,datang ke tempat,43,340000000,489500000,87557391,69.0
497,14,panggilan,45,319000000,363500000,48944562,88.0
498,22,datang ke tempat,59,478000000,1780000000,129920948,27.0
499,13,panggilan,42,199000000,465000000,70802667,43.0
500,9,surat panggilan,21,229000000,288000000,1929178,80.0
501,2,sms or WA,9,23700000,25800000,224723,92.0
502,28,datang ke tempat,30,100000000,111000000,250673019,90.0
503,22,datang ke tempat,51,264000000,483000000,338757404,55.00000000000001
504,5,sms or WA,13,32200000,68700000,596259,47.0
505,10,surat panggilan,26,90000000,133500000,2578429,67.0
506,19,datang ke tempat,60,156000000,570000000,415947973,27.0
507,13,panggilan,40,53000000,215000000,73929467,25.0
508,16,datang ke tempat,52,150000000,207500000,146744471,72.0
509,14,panggilan,41,459000000,559500000,31957383,82.0
510,25,datang ke tempat,69,304000000,603000000,617923954,50.0
511,20,datang ke tempat,47,174000000,193000000,146393366,90.0
512,22,datang ke tempat,50,308000000,1424500000,363483529,22.0
513,12,panggilan,49,178000000,304500000,60046104,57.99999999999999
514,3,sms or WA,19,42100000,87800000,746208,48.0
515,24,datang ke tempat,31,250000000,614000000,235803673,41.0
516,19,datang ke tempat,46,578000000,1031000000,261266782,56.00000000000001
517,10,surat panggilan,22,23000000,36500000,1933847,63.0
518,19,datang ke tempat,54,440000000,528000000,263504594,83.0
519,23,datang ke tempat,68,908000000,1780000000,255166925,51.0
520,0,sms or WA,1,3600000,9100000,93536,40.0
521,19,datang ke tempat,46,164000000,779000000,342151896,21.0
522,15,panggilan,38,298000000,330000000,39736960,90.0
523,27,datang ke tempat,48,730000000,1063500000,179867738,69.0
524,24,datang ke tempat,52,666000000,930500000,277918033,72.0
525,13,panggilan,40,231000000,328000000,41007774,70.0
526,6,surat panggilan,39,203000000,400000000,2529783,51.0
527,16,datang ke tempat,50,1128000000,1196500000,151304917,94.0
528,24,datang ke tempat,55,1068000000,1758500000,436562858,61.0
529,26,datang ke tempat,52,129500000,129500000,493092078,100.0
530,5,sms or WA,4,8900000,10800000,249793,82.0
531,2,sms or WA,12,12000000,12400000,617274,97.0
532,27,datang ke tempat,39,288000000,288000000,350945631,100.0
533,14,panggilan,36,45000000,333000000,36437026,14.000000000000002
534,18,datang ke tempat,66,342000000,400500000,381808245,85.0
535,3,sms or WA,7,13800000,33200000,384386,42.0
536,14,panggilan,37,185000000,446500000,42071234,41.0
537,20,datang ke tempat,33,934000000,1080000000,144911381,86.0
538,21,datang ke tempat,53,1084000000,1187500000,462890985,91.0
539,11,panggilan,33,75000000,176500000,24410506,42.0
540,27,datang ke tempat,66,576000000,1170000000,561359644,49.0
541,22,datang ke tempat,66,606000000,606000000,470240484,100.0
542,3,sms or WA,15,25900000,29600000,312001,88.0
543,23,datang ke tempat,55,184000000,312500000,529469485,59.0
544,26,datang ke tempat,30,418000000,849000000,78842149,49.0
545,15,panggilan,30,254000000,350000000,13253698,73.0
546,29,datang ke tempat,60,278000000,411000000,367048735,68.0
547,25,datang ke tempat,66,858000000,916500000,589686973,94.0
548,22,datang ke tempat,55,1468000000,1767500000,99509538,83.0
549,0,sms or WA,5,21600000,45900000,243689,47.0
550,18,datang ke tempat,30,570000000,993000000,95171268,56.99999999999999
551,19,datang ke tempat,62,138000000,1825000000,205810357,8.0
552,9,surat panggilan,21,74000000,163500000,1164489,45.0
553,4,sms or WA,17,20300000,132900000,540032,15.0
554,29,datang ke tempat,60,163500000,163500000,302288303,100.0
555,22,datang ke tempat,49,422000000,1656500000,52141787,25.0
556,11,panggilan,31,511000000,601500000,47317495,85.0
557,7,surat panggilan,33,237000000,271000000,2869538,87.0
558,1,sms or WA,19,44900000,53500000,459380,84.0
559,19,datang ke tempat,38,442000000,553000000,337865429,80.0
560,16,datang ke tempat,41,1298000000,1399000000,214693001,93.0
561,22,datang ke tempat,69,214000000,1278000000,642221525,17.0
562,4,sms or WA,3,11900000,19600000,112602,61.0
563,2,sms or WA,3,10300000,11000000,106381,94.0
564,29,datang ke tempat,64,482000000,1764500000,221242699,27.0
565,21,datang ke tempat,34,378000000,1038500000,179678067,36.0
566,27,datang ke tempat,39,300000000,1104000000,47767501,27.0
567,29,datang ke tempat,58,1214000000,1386500000,160698445,88.0
568,18,datang ke tempat,53,974000000,1579000000,174339845,62.0
569,18,datang ke tempat,38,338000000,779500000,295240644,43.0
570,3,sms or WA,10,41600000,62900000,175765,66.0
571,1,sms or WA,15,117000000,140900000,153248,83.0
572,29,datang ke tempat,56,892000000,1520500000,206846283,59.0
573,16,datang ke tempat,38,88000000,806500000,213819606,11.0
574,8,surat panggilan,24,25000000,72000000,1583041,35.0
575,26,datang ke tempat,36,388000000,813000000,187920049,48.0
576,22,datang ke tempat,49,784000000,788000000,267114667,99.0
577,12,panggilan,48,154000000,564000000,71548917,27.0
578,22,datang ke tempat,66,758000000,1431000000,283198875,53.0
579,11,panggilan,35,56000000,70500000,39462344,79.0
580,20,datang ke tempat,62,192000000,292000000,243799896,66.0
581,25,datang ke tempat,33,140000000,244500000,215056219,56.99999999999999
582,8,surat panggilan,32,145500000,285500000,3259687,51.0
583,7,surat panggilan,37,124500000,425000000,2593970,29.0
584,15,panggilan,37,542000000,732500000,15214267,74.0
585,5,sms or WA,14,8800000,9200000,742032,96.0
586,11,panggilan,41,64000000,724500000,44042616,9.0
587,10,surat panggilan,34,50500000,177500000,1708996,28.000000000000004
588,3,sms or WA,6,2500000,33100000,176339,8.0
589,5,sms or WA,2,2600000,19500000,26904,13.0
590,10,surat panggilan,36,362000000,459000000,3348711,79.0
591,23,datang ke tempat,67,648000000,1377500000,566835812,47.0
592,9,surat panggilan,20,24000000,93000000,1900544,26.0
593,23,datang ke tempat,62,1094000000,1664500000,351259597,66.0
594,28,datang ke tempat,62,382000000,409000000,182479356,93.0
595,20,datang ke tempat,56,910000000,1853500000,532285353,49.0
596,10,surat panggilan,28,40500000,248500000,2215042,16.0
597,19,datang ke tempat,58,202000000,246500000,382165154,82.0
598,23,datang ke tempat,42,134000000,571500000,90908138,23.0
599,27,datang ke tempat,46,330000000,620000000,208459802,53.0
600,23,datang ke tempat,42,228000000,708000000,196769502,32.0
601,27,datang ke tempat,65,1118000000,1897000000,314762740,59.0
602,0,sms or WA,9,26700000,55700000,327151,48.0
603,0,sms or WA,18,21600000,22900000,265955,94.0
604,19,datang ke tempat,39,222000000,640500000,342213739,35.0
605,23,datang ke tempat,63,180000000,1909500000,576180374,9.0
606,28,datang ke tempat,35,132000000,1157500000,150539990,11.0
607,21,datang ke tempat,44,124000000,365500000,204415092,34.0
608,20,datang ke tempat,51,488000000,631500000,250422658,77.0
609,7,surat panggilan,33,449500000,456500000,3065091,98.0
610,12,panggilan,41,225000000,362500000,80219708,62.0
611,17,datang ke tempat,33,254000000,517500000,167104154,49.0
612,9,surat panggilan,22,28000000,121500000,1560679,23.0
613,23,datang ke tempat,54,1016000000,1048500000,138357487,97.0
614,1,sms or WA,16,11400000,43700000,654561,26.0
615,26,datang ke tempat,65,130000000,130000000,538065802,100.0
616,18,datang ke tempat,54,1494000000,1585500000,406973149,94.0
617,8,surat panggilan,28,243000000,414500000,1465693,59.0
618,8,surat panggilan,23,178500000,276500000,1225026,65.0
619,13,panggilan,45,116000000,813500000,86290011,14.000000000000002
620,12,panggilan,31,82000000,98500000,10922861,83.0
621,7,surat panggilan,20,109000000,131500000,1190355,83.0
622,1,sms or WA,3,5900000,16000000,192176,37.0
623,21,datang ke tempat,39,416000000,634500000,285700027,66.0
624,25,datang ke tempat,39,608000000,762000000,145492093,80.0
625,29,datang ke tempat,50,986000000,1408000000,509253097,70.0
626,10,surat panggilan,34,33000000,43000000,1910665,77.0
627,13,panggilan,30,243000000,546000000,56911640,45.0
628,19,datang ke tempat,49,742000000,1068500000,173543336,69.0
629,28,datang ke tempat,46,568000000,752000000,117692854,76.0
630,23,datang ke tempat,31,254000000,626000000,118918877,41.0
631,26,datang ke tempat,30,122000000,124500000,46589840,98.0
632,18,datang ke tempat,43,212000000,345500000,351206648,61.0
633,19,datang ke tempat,64,592000000,1071500000,123266474,55.00000000000001
634,10,surat panggilan,26,14000000,148000000,2409039,9.0
635,3,sms or WA,12,41100000,42100000,195724,98.0
636,23,datang ke tempat,37,862000000,1061000000,307384338,81.0
637,10,surat panggilan,28,107000000,147500000,2799815,73.0
638,18,datang ke tempat,48,588000000,720000000,87324415,82.0
639,6,surat panggilan,29,200000000,246000000,2295753,81.0
640,11,panggilan,41,753000000,766500000,8624149,98.0
641,8,surat panggilan,31,33500000,124500000,2095986,27.0
642,6,surat panggilan,38,228500000,511000000,2370971,45.0
643,23,datang ke tempat,44,122000000,1481500000,319125726,8.0
644,24,datang ke tempat,66,148000000,360000000,85885298,41.0
645,11,panggilan,48,118000000,915000000,44297949,13.0
646,9,surat panggilan,39,345500000,348500000,3216456,99.0
647,20,datang ke tempat,50,352000000,853000000,286357995,41.0
648,24,datang ke tempat,59,1480000000,1778500000,583887101,83.0
649,20,datang ke tempat,52,250000000,425000000,283273261,59.0
650,21,datang ke tempat,34,1064000000,1115000000,307698299,95.0
651,19,datang ke tempat,43,1380000000,1442000000,120735113,96.0
652,9,surat panggilan,33,100500000,168000000,2109881,60.0
653,9,surat panggilan,29,357500000,431500000,2018664,83.0
654,17,datang ke tempat,43,304000000,719000000,415419400,42.0
655,9,surat panggilan,29,243000000,355000000,2445360,68.0
656,13,panggilan,36,55000000,187000000,57590617,29.0
657,18,datang ke tempat,32,186000000,632500000,205359400,29.0
658,0,sms or WA,18,43400000,48500000,834401,89.0
659,6,surat panggilan,39,29500000,229500000,3348246,13.0
660,1,sms or WA,8,30100000,56400000,166829,53.0
661,13,panggilan,41,123000000,170500000,69781053,72.0
662,5,sms or WA,15,52400000,113700000,368415,46.0
663,25,datang ke tempat,60,252000000,252000000,586337527,100.0
664,13,panggilan,35,126000000,370500000,48956006,34.0
665,17,datang ke tempat,38,220000000,1060000000,280967231,21.0
666,26,datang ke tempat,42,260000000,823500000,181450091,32.0
667,4,sms or WA,3,2100000,12700000,186724,17.0
668,5,sms or WA,18,35700000,41100000,907781,87.0
669,18,datang ke tempat,49,128000000,1700000000,230057549,8.0
670,4,sms or WA,19,91400000,102300000,418943,89.0
671,12,panggilan,35,109000000,476500000,39878727,23.0
672,12,panggilan,44,101000000,233000000,75163730,43.0
673,0,sms or WA,2,8300000,13400000,68212,62.0
674,16,datang ke tempat,51,164000000,1149000000,180857615,14.000000000000002
675,2,sms or WA,1,1500000,3300000,84665,45.0
676,19,datang ke tempat,43,414000000,788000000,289711554,53.0
677,28,datang ke tempat,54,1086000000,1615500000,538148545,67.0
678,29,datang ke tempat,30,936000000,981000000,188211944,95.0
679,3,sms or WA,8,3300000,16000000,329136,21.0
680,7,surat panggilan,22,51000000,146000000,1908189,35.0
681,28,datang ke tempat,30,70000000,93000000,105969739,75.0
682,4,sms or WA,11,10600000,16400000,496841,65.0
683,17,datang ke tempat,32,276000000,797500000,281555578,35.0
684,7,surat panggilan,38,333000000,483500000,2547836,69.0
685,26,datang ke tempat,49,1302000000,1385000000,182906249,94.0
686,22,datang ke tempat,54,848000000,1045500000,447991418,81.0
687,16,datang ke tempat,41,98000000,155500000,212370363,63.0
688,29,datang ke tempat,33,506000000,927000000,62652541,55.00000000000001
689,23,datang ke tempat,68,528000000,527500000,270695739,100.0
690,17,datang ke tempat,45,1328000000,1443000000,341045938,92.0
691,7,surat panggilan,21,12000000,55500000,1777074,22.0
692,25,datang ke tempat,40,892000000,1247000000,318794440,72.0
693,0,sms or WA,7,23200000,44100000,329489,53.0
694,13,panggilan,48,212000000,368000000,40148858,57.99999999999999
695,26,datang ke tempat,38,424000000,653500000,309856428,65.0
696,14,panggilan,33,202000000,415500000,61821965,49.0
697,17,datang ke tempat,54,292000000,630000000,259962980,46.0
698,19,datang ke tempat,54,538000000,864000000,86020329,62.0
699,3,sms or WA,8,5900000,29200000,159260,20.0
700,18,datang ke tempat,38,634000000,793000000,42139084,80.0
701,25,datang ke tempat,65,234000000,587500000,320622155,40.0
702,3,sms or WA,5,24400000,42800000,162538,56.99999999999999
703,0,sms or WA,11,47300000,66000000,210088,72.0
704,17,datang ke tempat,65,552000000,2153500000,317594683,26.0
705,17,datang ke tempat,63,306000000,1047000000,273705827,29.0
706,13,panggilan,40,52000000,149000000,33365557,35.0
707,7,surat panggilan,23,44000000,329500000,1207748,13.0
708,11,panggilan,40,65000000,541000000,81656271,12.0
709,18,datang ke tempat,48,156000000,424500000,230864734,37.0
710,22,datang ke tempat,39,735000000,735000000,129917904,100.0
711,7,surat panggilan,22,35000000,283000000,2035859,12.0
712,2,sms or WA,12,28800000,37500000,410908,77.0
713,28,datang ke tempat,60,1588000000,1887000000,421376602,84.0
714,6,surat panggilan,26,52500000,227500000,1308338,23.0
715,6,surat panggilan,21,19500000,65000000,1619311,30.0
716,1,sms or WA,15,10600000,103700000,512657,10.0
717,9,surat panggilan,38,107000000,122500000,3244036,87.0
718,21,datang ke tempat,39,350000000,630000000,210947958,56.00000000000001
719,6,surat panggilan,37,136000000,425500000,3449033,32.0
720,28,datang ke tempat,50,1104000000,1346500000,224054115,82.0
721,20,datang ke tempat,59,722000000,1348000000,174869745,54.0
722,21,datang ke tempat,65,828000000,1546000000,119867988,54.0
723,5,sms or WA,14,9500000,10100000,189082,94.0
724,15,panggilan,40,47000000,87000000,61633778,54.0
725,8,surat panggilan,27,46000000,220000000,2337932,21.0
726,27,datang ke tempat,35,146000000,287500000,55015552,51.0
727,23,datang ke tempat,32,122000000,719500000,211847475,17.0
728,3,sms or WA,18,70000000,152300000,460109,46.0
729,5,sms or WA,2,17400000,17900000,97766,97.0
730,28,datang ke tempat,36,176000000,384000000,355463699,46.0
731,28,datang ke tempat,69,1334000000,2346000000,477733488,56.99999999999999
732,3,sms or WA,12,61200000,106300000,416426,57.99999999999999
733,0,sms or WA,13,57000000,62200000,326174,92.0
734,13,panggilan,42,111000000,145000000,28535787,77.0
735,11,panggilan,35,94000000,356500000,19442104,26.0
736,21,datang ke tempat,66,246000000,246000000,429243914,100.0
737,16,datang ke tempat,68,670000000,668500000,265227304,100.0
738,8,surat panggilan,34,121000000,307000000,2551836,39.0
739,12,panggilan,34,195000000,314000000,28509287,62.0
740,5,sms or WA,5,10000000,15100000,287829,66.0
741,26,datang ke tempat,59,438000000,601000000,598753976,73.0
742,11,panggilan,35,445000000,513500000,41528299,87.0
743,29,datang ke tempat,56,522000000,1052500000,567620177,50.0
744,3,sms or WA,4,23300000,33200000,93295,70.0
745,12,panggilan,43,112000000,359500000,10052639,31.0
746,6,surat panggilan,30,213500000,248000000,1735852,86.0
747,1,sms or WA,17,65600000,77800000,757263,84.0
748,4,sms or WA,15,38700000,54900000,793080,70.0
749,7,surat panggilan,27,226500000,280000000,1870026,81.0
750,2,sms or WA,17,44400000,79800000,170086,56.00000000000001
751,1,sms or WA,18,23900000,80600000,849902,30.0
752,3,sms or WA,16,73900000,77400000,647126,95.0
753,0,sms or WA,6,14800000,32300000,72797,46.0
754,10,surat panggilan,33,87000000,96000000,3119248,91.0
755,0,sms or WA,8,6500000,12800000,107836,51.0
756,18,datang ke tempat,45,354000000,501000000,77152609,71.0
757,24,datang ke tempat,34,186500000,186500000,255672358,100.0
758,21,datang ke tempat,41,202000000,1328500000,324114412,15.0
759,4,sms or WA,13,29100000,62700000,664806,46.0
760,16,datang ke tempat,45,1118000000,1171500000,243985328,95.0
761,22,datang ke tempat,41,628000000,728500000,295108594,86.0
762,5,sms or WA,7,13700000,14100000,296061,97.0
763,9,surat panggilan,23,51000000,93500000,1882283,55.00000000000001
764,2,sms or WA,12,13900000,45200000,411540,31.0
765,24,datang ke tempat,55,132000000,501500000,421232706,26.0
766,9,surat panggilan,25,137500000,227500000,1726982,60.0
767,29,datang ke tempat,34,262000000,326000000,272652616,80.0
768,9,surat panggilan,27,40500000,47500000,2143950,85.0
769,19,datang ke tempat,40,308000000,692000000,187961841,45.0
770,6,surat panggilan,38,167500000,388500000,3607821,43.0
771,22,datang ke tempat,50,544000000,838000000,296786119,65.0
772,23,datang ke tempat,39,372000000,699000000,160721563,53.0
773,21,datang ke tempat,42,1116000000,1173000000,54326657,95.0
774,26,datang ke tempat,32,606000000,961000000,228115433,63.0
775,1,sms or WA,8,59500000,74300000,347695,80.0
776,3,sms or WA,12,5800000,6100000,516837,95.0
777,9,surat panggilan,30,128500000,260500000,1682602,49.0
778,26,datang ke tempat,64,1516000000,1725500000,450159492,88.0
779,21,datang ke tempat,55,244000000,264500000,322663721,92.0
780,0,sms or WA,10,7700000,85800000,343658,9.0
781,9,surat panggilan,33,155500000,419500000,3235473,37.0
782,15,panggilan,31,81000000,605500000,12414708,13.0
783,27,datang ke tempat,53,290000000,1250500000,199099783,23.0
784,14,panggilan,41,195000000,224500000,58592034,87.0
785,23,datang ke tempat,67,202000000,491000000,499043663,41.0
786,29,datang ke tempat,47,942000000,1489000000,91810983,63.0
787,20,datang ke tempat,64,568000000,1287500000,220467762,44.0
788,19,datang ke tempat,36,122000000,334500000,325353031,36.0
789,25,datang ke tempat,42,666000000,817500000,200132886,81.0
790,27,datang ke tempat,39,88000000,705000000,148714612,12.0
791,1,sms or WA,10,7300000,14500000,196190,50.0
792,9,surat panggilan,37,87500000,520000000,1949674,17.0
793,13,panggilan,47,117000000,392500000,14026467,30.0
794,0,sms or WA,4,5500000,6600000,222234,83.0
795,1,sms or WA,13,6100000,9400000,420643,65.0
796,14,panggilan,44,162000000,307000000,30700204,53.0
797,26,datang ke tempat,52,230000000,1500500000,387988191,15.0
798,25,datang ke tempat,53,490000000,1760500000,320230092,28.000000000000004
799,15,panggilan,30,128000000,371000000,16389945,35.0
800,21,datang ke tempat,66,182000000,594000000,278358311,31.0
801,12,panggilan,42,173000000,492000000,64348895,35.0
802,5,sms or WA,15,31700000,124700000,519268,25.0
803,17,datang ke tempat,63,740000000,1386000000,530154783,53.0
804,4,sms or WA,3,1700000,20600000,134328,8.0
805,16,datang ke tempat,56,902000000,1160500000,214301847,78.0
806,13,panggilan,35,164000000,482500000,52958946,34.0
807,17,datang ke tempat,30,264000000,346500000,113042697,76.0
808,24,datang ke tempat,37,452000000,494000000,285206837,91.0
809,9,surat panggilan,31,51500000,435000000,1618439,12.0
810,27,datang ke tempat,35,468000000,524500000,232625263,89.0
811,2,sms or WA,11,12100000,35100000,341265,34.0
812,0,sms or WA,17,14100000,25400000,825470,56.00000000000001
813,9,surat panggilan,30,39000000,42500000,2869919,92.0
814,28,datang ke tempat,43,574000000,600500000,290748551,96.0
815,25,datang ke tempat,36,116000000,205500000,148463765,56.00000000000001
816,26,datang ke tempat,57,142000000,193500000,419110308,73.0
817,20,datang ke tempat,69,834000000,1171500000,451854030,71.0
818,22,datang ke tempat,56,152000000,299500000,375437721,51.0
819,9,surat panggilan,30,19500000,116500000,1964237,17.0
820,21,datang ke tempat,58,408000000,767000000,357400577,53.0
821,5,sms or WA,2,3300000,19700000,112520,17.0
822,13,panggilan,39,175000000,414500000,32923089,42.0
823,8,surat panggilan,32,80000000,191000000,2446249,42.0
824,16,datang ke tempat,30,96000000,313500000,147446176,31.0
825,23,datang ke tempat,41,582000000,740500000,399532268,79.0
826,10,surat panggilan,25,97500000,180500000,1362318,54.0
827,29,datang ke tempat,51,160000000,1222500000,468885749,13.0
828,26,datang ke tempat,58,440000000,797000000,418041658,55.00000000000001
829,16,datang ke tempat,50,658000000,1381000000,271590659,48.0
830,27,datang ke tempat,35,166000000,473500000,97075183,35.0
831,28,datang ke tempat,30,250000000,279000000,279354029,90.0
832,21,datang ke tempat,41,136000000,406000000,306184561,33.0
833,19,datang ke tempat,64,518000000,939500000,362260321,55.00000000000001
834,18,datang ke tempat,49,294000000,1530500000,63024793,19.0
835,10,surat panggilan,29,30500000,76500000,2965276,40.0
836,25,datang ke tempat,61,254000000,294500000,256251071,86.0
837,17,datang ke tempat,69,1434000000,1962000000,614810004,73.0
838,0,sms or WA,13,15400000,51800000,633520,30.0
839,9,surat panggilan,26,234000000,273000000,1332879,86.0
840,7,surat panggilan,38,135500000,471500000,2599686,29.0
841,29,datang ke tempat,69,424000000,424500000,678041154,100.0
842,3,sms or WA,15,10000000,14300000,520568,70.0
843,19,datang ke tempat,66,460000000,561000000,141714887,82.0
844,13,panggilan,44,555000000,605000000,58589045,92.0
845,10,surat panggilan,28,240000000,396500000,1624045,61.0
846,16,datang ke tempat,64,2052000000,2138000000,442338022,96.0
847,5,sms or WA,7,25900000,45600000,320817,56.99999999999999
848,24,datang ke tempat,65,170000000,235000000,443180947,72.0
849,14,panggilan,33,48000000,146500000,35317324,33.0
850,6,surat panggilan,36,89000000,178000000,2710119,50.0
851,15,panggilan,36,389000000,616000000,43428474,63.0
852,20,datang ke tempat,36,180000000,214500000,194651660,84.0
853,27,datang ke tempat,42,596000000,1117500000,224113077,53.0
854,26,datang ke tempat,65,166000000,1124500000,445498763,15.0
855,15,panggilan,30,355000000,388000000,30860630,91.0
856,10,surat panggilan,35,250000000,480000000,3439063,52.0
857,24,datang ke tempat,35,372000000,1016500000,152410928,37.0
858,18,datang ke tempat,66,600000000,1695000000,608682751,35.0
859,23,datang ke tempat,47,134000000,1474000000,121948346,9.0
860,9,surat panggilan,39,128000000,138500000,3871704,92.0
861,14,panggilan,37,73000000,466500000,55599257,16.0
862,25,datang ke tempat,51,340000000,421500000,319108957,81.0
863,5,sms or WA,6,2800000,18000000,286034,16.0
864,13,panggilan,37,126000000,429500000,55337795,29.0
865,0,sms or WA,10,22100000,23200000,453278,95.0
866,2,sms or WA,5,4800000,15400000,120537,31.0
867,19,datang ke tempat,42,350000000,1281000000,178504718,27.0
868,29,datang ke tempat,60,370000000,454500000,485120116,81.0
869,28,datang ke tempat,68,1632000000,1949500000,184043322,84.0
870,25,datang ke tempat,49,484000000,720500000,190968187,67.0
871,19,datang ke tempat,58,180000000,875000000,462764931,21.0
872,13,panggilan,45,126000000,147500000,78279771,85.0
873,22,datang ke tempat,44,100000000,203500000,272601814,49.0
874,21,datang ke tempat,36,76000000,142500000,280474041,53.0
875,14,panggilan,43,132000000,734500000,33189387,18.0
876,3,sms or WA,15,90300000,121600000,470935,74.0
877,0,sms or WA,4,2200000,2500000,144770,88.0
878,2,sms or WA,2,3800000,6800000,108994,56.00000000000001
879,15,panggilan,45,286000000,396500000,79870029,72.0
880,5,sms or WA,12,13800000,31900000,620188,43.0
881,23,datang ke tempat,42,312000000,1056000000,400639257,30.0
882,16,datang ke tempat,39,942000000,1129500000,84877784,83.0
883,29,datang ke tempat,33,96000000,1104000000,118804067,9.0
884,6,surat panggilan,38,366500000,535500000,2028334,68.0
885,9,surat panggilan,24,219500000,324500000,1203745,68.0
886,17,datang ke tempat,37,290000000,720500000,152505868,40.0
887,26,datang ke tempat,43,178000000,597500000,56507706,30.0
888,6,surat panggilan,22,64500000,113000000,1284669,56.99999999999999
889,26,datang ke tempat,57,260000000,325500000,470908536,80.0
890,15,panggilan,39,339000000,431500000,10389409,79.0
891,1,sms or WA,1,4900000,7800000,84384,63.0
892,5,sms or WA,6,4600000,17100000,274271,27.0
893,3,sms or WA,6,20300000,32500000,187638,62.0
894,16,datang ke tempat,33,108000000,871500000,107779259,12.0
895,28,datang ke tempat,33,247500000,247500000,268438150,100.0
896,1,sms or WA,13,71400000,89600000,369306,80.0
897,11,panggilan,49,885000000,908500000,78031444,97.0
898,26,datang ke tempat,41,394000000,946000000,204213137,42.0
899,17,datang ke tempat,47,740000000,919000000,473991162,81.0
900,27,datang ke tempat,31,326000000,351500000,190602196,93.0
901,2,sms or WA,18,21000000,119400000,848474,18.0
902,7,surat panggilan,29,23500000,401500000,2065296,6.0
903,13,panggilan,30,58000000,97000000,49477402,60.0
904,16,datang ke tempat,62,696000000,1664500000,134906309,42.0
905,11,panggilan,47,90000000,187500000,85323565,48.0
906,16,datang ke tempat,45,316000000,385500000,379215466,82.0
907,22,datang ke tempat,30,202000000,217500000,154331308,93.0
908,1,sms or WA,11,15600000,37100000,426056,42.0
909,2,sms or WA,11,22900000,101000000,321301,23.0
910,23,datang ke tempat,48,148000000,1192500000,264736372,12.0
911,6,surat panggilan,37,50500000,133500000,2943301,38.0
912,12,panggilan,45,554000000,680500000,20360258,81.0
913,15,panggilan,39,187000000,700500000,25763564,27.0
914,22,datang ke tempat,68,804000000,2341000000,565076564,34.0
915,17,datang ke tempat,46,380000000,1067000000,291503966,36.0
916,11,panggilan,49,482000000,573500000,12355059,84.0
917,22,datang ke tempat,61,158000000,780500000,172035925,20.0
918,17,datang ke tempat,46,270000000,413000000,411868342,65.0
919,13,panggilan,40,374000000,747000000,70378890,50.0
920,17,datang ke tempat,67,184000000,342500000,199092759,54.0
921,22,datang ke tempat,47,714000000,878500000,373380253,81.0
922,26,datang ke tempat,33,84000000,913500000,323784916,9.0
923,19,datang ke tempat,56,408000000,887500000,286551535,46.0
924,18,datang ke tempat,62,154000000,1508500000,491004428,10.0
925,9,surat panggilan,32,209500000,385500000,2440553,54.0
926,27,datang ke tempat,41,696000000,940000000,139876399,74.0
927,2,sms or WA,1,1300000,2500000,31084,52.0
928,26,datang ke tempat,38,116000000,835000000,320306337,14.000000000000002
929,27,datang ke tempat,59,274000000,1187500000,346628878,23.0
930,23,datang ke tempat,68,356000000,1447000000,404654080,25.0
931,11,panggilan,43,164000000,163500000,77942426,100.0
932,22,datang ke tempat,47,964000000,1462000000,473420031,66.0
933,7,surat panggilan,32,164500000,265000000,3084857,62.0
934,24,datang ke tempat,54,592000000,1546500000,181121318,38.0
935,12,panggilan,40,266000000,526000000,10687297,51.0
936,21,datang ke tempat,39,130500000,130500000,369786952,100.0
937,24,datang ke tempat,56,274000000,475000000,151122335,57.99999999999999
938,19,datang ke tempat,61,580000000,930500000,321771723,62.0
939,21,datang ke tempat,54,1198000000,1390500000,340208560,86.0
940,6,surat panggilan,33,138500000,244000000,2517185,56.99999999999999
941,20,datang ke tempat,49,1634000000,1713500000,193745252,95.0
942,10,surat panggilan,22,58000000,87500000,1775045,66.0
943,23,datang ke tempat,45,238000000,577500000,285624754,41.0
944,17,datang ke tempat,55,202000000,446000000,410143620,45.0
945,0,sms or WA,16,72900000,96000000,695786,76.0
946,23,datang ke tempat,66,1646000000,1987500000,79742292,83.0
947,7,surat panggilan,20,165000000,253500000,1637000,65.0
948,6,surat panggilan,25,337000000,346000000,2587333,97.0
949,17,datang ke tempat,42,1092000000,1198500000,126185499,91.0
950,14,panggilan,39,318000000,513500000,60445379,62.0
951,23,datang ke tempat,31,348000000,371000000,195774540,94.0
952,6,surat panggilan,24,205500000,228000000,2492986,90.0
953,16,datang ke tempat,54,660000000,984000000,182586782,67.0
954,28,datang ke tempat,68,560000000,925000000,314848210,61.0
955,27,datang ke tempat,63,1042000000,1255500000,79655839,83.0
956,25,datang ke tempat,43,216000000,473000000,56381253,46.0
957,15,panggilan,34,81000000,387000000,17109483,21.0
958,8,surat panggilan,35,44000000,294000000,2986711,15.0
959,15,panggilan,41,108000000,187500000,13579669,57.99999999999999
960,24,datang ke tempat,69,178000000,982500000,246910922,18.0
961,24,datang ke tempat,47,436000000,565000000,53893961,77.0
962,4,sms or WA,13,17700000,111200000,620601,16.0
963,19,datang ke tempat,33,150000000,156000000,149172832,96.0
964,1,sms or WA,11,46200000,66300000,488484,70.0
965,1,sms or WA,1,4600000,8200000,30384,56.00000000000001
966,29,datang ke tempat,32,324000000,526000000,171069713,62.0
967,23,datang ke tempat,46,1504000000,1565000000,218601591,96.0
968,10,surat panggilan,35,19500000,108500000,2372228,18.0
969,5,sms or WA,13,6200000,22000000,322912,28.000000000000004
970,11,panggilan,30,33000000,276000000,8453750,12.0
971,28,datang ke tempat,54,588000000,1513500000,172343072,39.0
972,26,datang ke tempat,34,284000000,335000000,119095719,85.0
973,22,datang ke tempat,61,368000000,566000000,420425058,65.0
974,21,datang ke tempat,50,332000000,1249000000,131111393,27.0
975,15,panggilan,46,300000000,480000000,23072564,62.0
976,16,datang ke tempat,58,612000000,1808000000,98733329,34.0
977,13,panggilan,46,447000000,659000000,50149390,68.0
978,7,surat panggilan,23,54500000,156000000,1325055,35.0
979,24,datang ke tempat,34,78000000,134000000,151373812,57.99999999999999
980,2,sms or WA,12,32700000,50200000,636737,65.0
981,13,panggilan,49,840000000,952500000,20023825,88.0
982,11,panggilan,38,110000000,128000000,33022429,86.0
983,17,datang ke tempat,61,1300000000,1556000000,248260826,84.0
984,18,datang ke tempat,46,394000000,572000000,139496666,69.0
985,28,datang ke tempat,31,276000000,869000000,212738380,32.0
986,21,datang ke tempat,65,1560000000,1609000000,477823364,97.0
987,11,panggilan,42,259000000,476000000,9989833,54.0
988,27,datang ke tempat,67,456000000,1446500000,123053161,32.0
989,18,datang ke tempat,52,154000000,842000000,374619555,18.0
990,10,surat panggilan,36,86500000,86500000,3472578,100.0
991,4,sms or WA,16,6900000,115500000,473328,6.0
992,1,sms or WA,13,5500000,7100000,166818,77.0
993,8,surat panggilan,24,18000000,99500000,2238590,18.0
994,26,datang ke tempat,44,248000000,682000000,74504394,36.0
995,10,surat panggilan,25,219000000,304500000,1927892,72.0
996,24,datang ke tempat,30,112000000,1048500000,185243379,11.0
997,21,datang ke tempat,62,228000000,1322500000,390631200,17.0
998,12,panggilan,46,257000000,658000000,46407646,39.0
999,5,sms or WA,19,10600000,10700000,644227,99.0
