,debtor_volume_handled,bill_amount_collected,total_actual,success_rate,avg_bill_methods,total_cost
0,7.0,14400000.0,35700000.0,40.0,0,277706
1,35.0,79000000.0,160499999.99999997,49.0,2,22382611
2,6.0,7100000.0,26699999.99999994,27.0,0,205389
3,63.0,782000000.0,1395000000.0,56.00000000000001,3,482942548
4,35.0,346000000.0,485500000.0,71.0,3,151035603
5,36.0,466000000.0,883500000.0,53.0,3,284316268
6,48.0,492000000.0,837000000.0,59.0,3,464890525
7,69.0,564000000.0,649500000.0,87.0,3,432161409
8,21.0,19500000.0,43000000.0,45.0,1,1769207
9,53.0,236000000.0,1709500000.0,14.0,3,362025377
10,48.0,650000000.0,715500000.0,91.0,3,157060396
11,42.0,280000000.0,606000000.0,46.0,3,166751227
12,17.0,30600000.0,75500000.0,41.0,0,419279
13,61.0,286000000.0,1020500000.0,28.000000000000004,3,305352973
14,69.0,176000000.0,831000000.0,21.0,3,558060691
15,50.0,124000000.0,502000000.0,25.0,3,127228206
16,55.0,185000000.0,185000000.0,100.0,3,195288735
17,24.0,72500000.0,153000000.0,47.0,1,1899226
18,50.0,168000000.0,473500000.0,35.0,3,305034616
19,16.0,25200000.0,41900000.0,60.0,0,668008
20,41.0,416000000.0,479500000.0,87.0,3,105962917
21,43.0,368000000.0,740000000.0,50.0,3,229999237
22,14.0,43800000.0,125500000.0,35.0,0,602604
23,19.0,84400000.0,126300000.0,67.0,0,522330
24,30.0,239000000.0,344000000.0,69.0,2,42217405
25,56.0,846000000.0,1928500000.0,44.0,3,284522568
26,43.0,452000000.0,1223000000.0,37.0,3,181629135
27,15.0,12100000.0,21500000.00000006,56.00000000000001,0,211975
28,35.0,300000000.0,1040500000.0,29.0,3,279436686
29,50.0,462000000.0,623500000.0,74.0,3,193612219
30,29.0,21500000.0,334000000.0,6.0,1,1986477
31,64.0,208000000.0,1236500000.0,17.0,3,255873333
32,31.0,228000000.0,642500000.0,35.0,3,284505506
33,19.0,125300000.0,188600000.0,66.0,0,701029
34,50.0,248000000.0,650500000.0,38.0,3,58750749
35,62.0,288000000.0,358000000.0,80.0,3,256704397
36,31.0,74499999.99999999,120000000.0,62.0,1,1840518
37,43.0,193000000.0,482500000.0,40.0,2,21056445
38,36.0,264000000.0,461000000.0,56.99999999999999,2,71771042
39,33.0,526000000.0,597000000.0,88.0,3,296643876
40,36.0,98000000.0,228000000.0,43.0,3,191536981
41,38.0,69000000.00000001,522000000.0,13.0,2,14973954
42,30.0,888000000.0,1009500000.0,88.0,3,217211037
43,36.0,28500000.0,68500000.0,42.0,1,2050729
44,40.0,184000000.0,312000000.0,59.0,2,26768368
45,33.0,484000000.0,513000000.0,94.0,3,295467055
46,37.0,228500000.0,533500000.0,43.0,1,3227483
47,7.0,4800000.0,19200000.0,25.0,0,318875
48,46.0,138000000.0,810500000.0,17.0,3,100229023
49,60.0,388000000.0,1270500000.0,31.0,3,345489681
50,6.0,11800000.0,46100000.0,26.0,0,257391
51,52.0,690000000.0,777500000.0,89.0,3,84607218
52,36.0,289000000.0,672000000.0,43.0,2,61810951
53,54.0,162000000.0,179999999.99999997,90.0,3,539463426
54,17.0,105900000.0,107000000.0,99.0,0,173279
55,66.0,426000000.0,1498500000.0,28.000000000000004,3,451245174
56,56.0,378000000.0,556000000.0,68.0,3,261547571
57,7.0,51100000.0,51100000.0,100.0,0,322312
58,49.0,208000000.0,863000000.0,24.0,3,121889830
59,37.0,89000000.0,633500000.0,14.0,2,52132205
60,6.0,7100000.0,24300000.0,29.0,0,155849
61,30.0,188000000.0,436500000.0,43.0,1,1938677
62,30.0,89500000.0,162000000.0,55.00000000000001,1,2954243
63,50.0,582000000.0,1039000000.0,56.00000000000001,3,378926263
64,36.0,391000000.0,625000000.0,63.0,2,28670220
65,31.0,428000000.0,783500000.0,55.00000000000001,3,191745044
66,68.0,866000000.0,1249000000.0,69.0,3,369045287
67,41.0,168000000.0,187000000.00000003,90.0,3,48743582
68,64.0,1246000000.0,1805000000.0,69.0,3,615960169
69,17.0,8600000.0,141800000.0,6.0,0,843130
70,60.0,292000000.0,747000000.0,39.0,3,472193078
71,55.0,270000000.0,299000000.0,90.0,3,119190276
72,49.0,513000000.0,843500000.0,61.0,2,92939078
73,7.0,24800000.0,47500000.00000006,52.0,0,282002
74,7.0,3300000.0,9000000.0,37.0,0,87812
75,39.0,89000000.0,95500000.0,93.0,2,26051224
76,28.0,27500000.0,173000000.0,16.0,1,2552340
77,16.0,54000000.0,143100000.0,38.0,0,568306
78,49.0,262000000.0,377000000.0,69.0,3,238328672
79,22.0,31000000.0,191000000.0,16.0,1,2138346
80,34.0,330000000.0,515000000.0,64.0,2,44863796
81,65.0,757000000.0,757000000.0,100.0,3,530653277
82,20.0,64500000.0,144500000.00000003,45.0,1,1584944
83,46.0,555000000.0,886000000.0,63.0,2,68189498
84,39.0,69000000.00000001,279500000.0,25.0,2,35095044
85,10.0,36400000.0,67900000.0,54.0,0,283985
86,42.0,922000000.0,1108500000.0,83.0,3,368873743
87,60.0,984000000.0,1806000000.0,54.0,3,223590970
88,25.0,39000000.0,68000000.0,56.99999999999999,1,1811274
89,65.0,1510000000.0,2230000000.0,68.0,3,187063834
90,65.0,604000000.0,1847500000.0,33.0,3,650779127
91,31.0,52500000.0,82500000.0,64.0,1,2134412
92,50.0,242000000.0,1408000000.0,17.0,3,64746223
93,41.0,221500000.0,221500000.0,100.0,3,351332555
94,2.0,1300000.0,1700000.0000000596,76.0,0,53099
95,39.0,238000000.0,680500000.0,35.0,2,72215125
96,23.0,55499999.999999985,58000000.0,96.0,1,1438630
97,37.0,311000000.0,535500000.0,57.99999999999999,2,26995055
98,56.0,220000000.0,1933000000.0000002,11.0,3,275696334
99,32.0,91000000.0,184500000.0,49.0,1,2319489
100,36.0,242000000.0,262500000.0,92.0,3,89568697
101,69.0,738000000.0,1959000000.0000002,38.0,3,395381273
102,34.0,540000000.0,720500000.0,75.0,3,65536394
103,43.0,318000000.0,467500000.0,68.0,2,8888626
104,57.0,1086000000.0,1468500000.0,74.0,3,536234794
105,16.0,23800000.0,98900000.0,24.0,0,269192
106,46.0,383000000.0,866000000.0,44.0,2,82370808
107,31.0,136000000.0,1047500000.0,13.0,3,134074505
108,31.0,241500000.0,392500000.0,62.0,1,2295223
109,37.0,112500000.0,550000000.0,20.0,1,3252387
110,40.0,353000000.0,474000000.0,74.0,2,26662819
111,12.000000000000004,46100000.0,100900000.0,46.0,0,621105
112,62.0,156000000.0,430000000.0,36.0,3,501324583
113,50.0,674000000.0,1663000000.0,41.0,3,140760583
114,36.0,285500000.0,471000000.0,61.0,1,2788004
115,17.0,18500000.0,28900000.0,64.0,0,341553
116,14.0,6500000.0,73900000.0,9.0,0,238815
117,23.0,64500000.0,75000000.0,86.0,1,2233173
118,66.0,208000000.0,738000000.0,28.000000000000004,3,199189900
119,44.0,218000000.0,701500000.0,31.0,3,400665394
120,1.0,3300000.0,4400000.0,75.0,0,57004
121,50.0,584000000.0,1099000000.0,53.0,3,121010053
122,44.0,737000000.0,745000000.0,99.0,2,17538151
123,43.0,93500000.0,93500000.0,100.0,3,397406015
124,34.0,84500000.0,139000000.0,61.0,1,1903226
125,7.0,4500000.0,12100000.0,37.0,0,108930
126,36.0,30500000.0,315000000.0,10.0,1,3100782
127,32.0,734000000.0,941500000.0,78.0,3,283894818
128,37.0,258000000.0,355500000.0,73.0,2,40726437
129,13.0,78000000.0,108500000.0,72.0,0,347334
130,21.0,23000000.0,45000000.0,51.0,1,1715108
131,4.0,22100000.0,27600000.00000006,80.0,0,145520
132,69.0,171000000.0,171000000.0,100.0,3,626799344
133,56.0,666000000.0,680500000.0,98.0,3,446764306
134,38.0,518000000.0,550000000.0,94.0,3,194161659
135,32.0,43000000.0,99000000.0,43.0,2,38169823
136,9.0,9600000.0,53000000.0,18.0,0,493791
137,36.0,222000000.0,364500000.0,61.0,3,251214787
138,8.0,50900000.000000015,51400000.0,99.0,0,319558
139,67.0,1152000000.0,1695500000.0,68.0,3,458908039
140,39.0,285000000.0,379500000.0,75.0,2,22256529
141,37.0,40000000.0,447500000.0,9.0,1,2830966
142,50.0,742000000.0,1624000000.0,46.0,3,266070826
143,39.0,260000000.0,292500000.0,89.0,2,35297838
144,39.0,256000000.0,275500000.0,93.0,2,46369246
145,30.0,122000000.0,133500000.0,91.0,3,227709321
146,33.0,34000000.0,438000000.0,8.0,1,2386554
147,60.0,766000000.0,1149000000.0,67.0,3,69085094
148,10.0,31100000.0,46399999.99999994,67.0,0,108769
149,69.0,904000000.0,2002500000.0,45.0,3,673875398
150,32.0,133000000.0,254000000.0,52.0,2,29775098
151,15.0,12300000.0,36400000.0,34.0,0,719890
152,66.0,314000000.0,598500000.0,52.0,3,484525853
153,37.0,243000000.0,400500000.0,61.0,2,35596787
154,18.0,14100000.0,17700000.0,80.0,0,623697
155,5.0,33600000.0,45300000.0,74.0,0,238560
156,33.0,520000000.0,937500000.0,55.00000000000001,3,336090358
157,24.0,174000000.0,353500000.0,49.0,1,2027587
158,49.0,138000000.0,336500000.0,41.0,3,394644967
159,59.0,1228000000.0,1625500000.0,76.0,3,249362989
160,36.0,294000000.0,531000000.0,55.00000000000001,3,240140271
161,49.0,107000000.0,132500000.0,81.0,2,84801625
162,3.0,5800000.0,7599999.99999994,76.0,0,57973
163,52.0,478000000.0,1667000000.0,29.0,3,343231701
164,12.000000000000004,15500000.0,115500000.0,13.0,0,183034
165,33.0,438000000.0,850500000.0,51.0,3,56533328
166,46.0,160000000.0,963500000.0,17.0,3,136409666
167,60.0,778000000.0,1318500000.0,59.0,3,600416960
168,45.0,517000000.0,609500000.0,85.0,2,75167794
169,22.0,91500000.0,229000000.0,40.0,1,1353702
170,35.0,162500000.0,223500000.0,73.0,1,1864719
171,45.0,182000000.0,1272000000.0,14.0,3,148797268
172,35.0,84000000.0,92500000.0,91.0,2,51815711
173,47.0,121000000.0,612500000.0,20.0,2,49950851
174,34.0,808000000.0,1134500000.0,71.0,3,123103228
175,32.0,107000000.0,148500000.0,72.0,1,3005265
176,13.0,60500000.0,81800000.0,74.0,0,462570
177,47.0,162000000.0,329500000.0,49.0,3,157121563
178,28.0,53500000.0,54500000.0,98.0,1,2739205
179,9.0,17900000.0,63300000.0,28.000000000000004,0,392095
180,30.0,296000000.0,414000000.0,71.0,2,14993090
181,39.0,1212000000.0,1234500000.0,98.0,3,309317343
182,6.0,21400000.0,44800000.0,48.0,0,338581
183,25.0,265500000.0,275000000.0,97.0,1,2167094
184,21.0,60000000.0,253500000.0,24.0,1,1536865
185,35.0,176500000.0,404000000.0,44.0,1,3561119
186,46.0,144000000.0,525500000.0,27.0,3,308530587
187,63.0,334000000.0,1006500000.0,33.0,3,124444383
188,14.0,75600000.0,85100000.0,89.0,0,200545
189,3.0,2300000.0,2400000.0,96.0,0,105047
190,47.0,357000000.0,387500000.0,92.0,2,28828874
191,48.0,61000000.0,156000000.0,39.0,2,24862923
192,66.0,690000000.0,1495500000.0,46.0,3,421986237
193,17.0,56200000.0,124100000.0,45.0,0,739938
194,43.0,508000000.0,726500000.0,70.0,2,46302373
195,44.0,176000000.0,1474000000.0,12.0,3,154502194
196,47.0,96000000.0,1219000000.0,8.0,3,97836583
197,32.0,193000000.0,293000000.0,66.0,2,37912882
198,39.0,115500000.0,115500000.0,100.0,3,326882426
199,56.0,172000000.0,862000000.0,20.0,3,298335605
200,57.0,1162000000.0,1617000000.0,72.0,3,234115147
201,38.0,76000000.00000001,339000000.0,22.0,2,71502763
202,68.0,904000000.0,1708000000.0,53.0,3,293568427
203,15.0,17700000.0,39999999.99999994,44.0,0,180538
204,38.0,298000000.0,614000000.0,49.0,2,25446637
205,1.0,400000.0,6400000.0,6.0,0,49971
206,54.0,456000000.0,894000000.0,51.0,3,439241731
207,33.0,564000000.0,646500000.0,87.0,2,51181323
208,32.0,339000000.0,587000000.0,57.99999999999999,2,29119168
209,43.0,602000000.0,863000000.0,70.0,3,113942096
210,12.000000000000004,28700000.0,109200000.0,26.0,0,209656
211,16.0,13100000.0,94100000.0,14.0,0,177586
212,33.0,43000000.0,427500000.0,10.0,2,20097727
213,19.0,127100000.0,184200000.0,69.0,0,709601
214,34.0,120000000.0,176000000.0,68.0,2,44444237
215,14.0,16200000.0,32800000.0,49.0,0,198467
216,64.0,178000000.0,207500000.0,86.0,3,85899723
217,8.0,17400000.0,44500000.0,39.0,0,213799
218,35.0,166000000.0,172000000.0,97.0,3,340709337
219,38.0,418000000.0,502000000.0,83.0,2,25304479
220,44.0,362000000.0,515500000.0,70.0,3,419539962
221,5.0,28400000.0,32200000.0,88.0,0,186555
222,34.0,100000000.0,139000000.0,72.0,2,69658970
223,18.0,21400000.0,25000000.0,86.0,0,915124
224,6.0,13800000.0,45600000.0,30.0,0,331249
225,34.0,828000000.0,861500000.0,96.0,3,89351594
226,33.0,164000000.0,295500000.0,55.00000000000001,3,77421643
227,10.999999999999996,31900000.0,57100000.0,56.00000000000001,0,194196
228,42.0,176000000.0,951000000.0,19.0,3,243128661
229,44.0,174000000.0,1090000000.0,16.0,3,210023035
230,53.0,1178000000.0,1229500000.0,96.0,3,471862956
231,36.0,213000000.0,638000000.0,33.0,2,71961662
232,61.0,480000000.0,1857500000.0,26.0,3,378729038
233,6.0,14900000.0,57400000.0,26.0,0,169079
234,43.0,110000000.0,114500000.0,96.0,2,77746682
235,64.0,498000000.0,627500000.0,79.0,3,125038707
236,40.0,1152000000.0,1187000000.0,97.0,3,279637031
237,1.0,5100000.0,5600000.0,91.0,0,25263
238,5.0,13700000.0,25000000.0,55.00000000000001,0,65827
239,13.0,27500000.0,59800000.0,46.0,0,359661
240,50.0,418000000.0,737500000.0,56.99999999999999,3,155148997
241,48.0,366000000.0,1506000000.0,24.0,3,304195587
242,68.0,340000000.0,475000000.0,72.0,3,321813413
243,6.0,4100000.0,44200000.0,9.0,0,223255
244,48.0,373000000.0,722000000.0,52.0,2,42527200
245,33.0,91500000.0,124500000.0,73.0,1,2842277
246,30.0,172000000.0,439500000.0,39.0,1,2455746
247,40.0,155000000.0,605000000.0,26.0,2,74468204
248,55.0,1055999999.9999999,1311500000.0,81.0,3,169000933
249,63.0,272000000.0,537000000.0,51.0,3,599427007
250,45.0,217000000.0,295500000.0,73.0,2,63480431
251,38.0,792000000.0,1000000000.0,79.0,3,234436865
252,1.0,800000.0,899999.9999999404,89.0,0,54495
253,25.0,111000000.0,151500000.0,73.0,1,2194529
254,42.0,414000000.0,675000000.0,61.0,3,144105929
255,17.0,22200000.0,105900000.0,21.0,0,758953
256,38.0,51500000.0,305000000.0,17.0,1,2797874
257,18.0,52800000.0,92300000.0,56.99999999999999,0,928619
258,7.0,4300000.0,21900000.0,20.0,0,325147
259,45.0,680000000.0,919500000.0,74.0,3,195402827
260,23.0,206500000.0,291000000.0,71.0,1,1529546
261,59.0,244000000.0,244000000.0,100.0,3,239739106
262,56.0,1484000000.0,1556500000.0,95.0,3,506156689
263,65.0,1844000000.0,2045500000.0,90.0,3,568229744
264,32.0,19500000.0,184000000.0,11.0,1,3049918
265,63.0,128000000.0,1831500000.0,7.0,3,326114185
266,24.0,20500000.0,116000000.0,18.0,1,1622677
267,39.0,532000000.0,1149000000.0,46.0,3,201845820
268,30.0,458000000.0,697500000.0,66.0,3,156417221
269,57.0,238000000.0,1486500000.0,16.0,3,576813587
270,48.0,322000000.0,778500000.0,41.0,3,298943297
271,44.0,560000000.0,980500000.0,56.99999999999999,3,221480193
272,34.0,79000000.0,186000000.0,42.0,1,2297628
273,40.0,256000000.0,702500000.0,36.0,3,103280481
274,9.0,4400000.0,7299999.99999994,60.0,0,225281
275,64.0,1018000000.0,1400000000.0,73.0,3,166096840
276,12.000000000000004,99800000.0,111200000.0,90.0,0,222104
277,9.0,29000000.0,73700000.0,39.0,0,207884
278,36.0,690000000.0,1242000000.0,56.00000000000001,3,152251902
279,10.999999999999996,13500000.0,26799999.99999994,50.0,0,214607
280,39.0,211000000.0,516500000.0,41.0,1,2380720
281,25.0,53500000.0,106500000.0,50.0,1,1801484
282,41.0,69000000.00000001,116500000.0,59.0,2,51923150
283,32.0,284000000.0,562000000.0,51.0,3,188292634
284,45.0,645000000.0,743500000.0,87.0,2,89097483
285,32.0,240000000.0,571000000.0,42.0,3,202558903
286,43.0,538000000.0,584500000.0,92.0,2,73794685
287,37.0,430000000.0,699500000.0,61.0,3,91120025
288,36.0,666000000.0,714000000.0,93.0,2,47015886
289,64.0,190000000.0,344000000.0,55.00000000000001,3,649874066
290,9.0,13700000.0,43200000.0,32.0,0,271337
291,35.0,94000000.0,101500000.0,93.0,3,196643114
292,64.0,278000000.0,411500000.0,68.0,3,109808893
293,46.0,268000000.0,369500000.0,73.0,3,185585054
294,2.0,12700000.0,18100000.0,70.0,0,138436
295,30.0,178000000.0,238500000.0,75.0,3,109113735
296,68.0,478000000.0,1606000000.0,30.0,3,276537025
297,33.0,67000000.0,647500000.0,10.0,2,18793172
298,2.0,14100000.0,16000000.0,88.0,0,144925
299,57.0,608000000.0,1510500000.0,40.0,3,107617651
300,44.0,302000000.0,553000000.0,55.00000000000001,3,137689273
301,33.0,172000000.0,217500000.0,79.0,3,175289013
302,30.0,71000000.0,245000000.0,29.0,2,14736406
303,55.0,270000000.0,1439000000.0,19.0,3,290490873
304,38.0,498000000.0,833500000.0,60.0,3,109919557
305,26.0,33500000.0,273000000.0,12.0,1,1627648
306,24.0,30000000.0,105000000.0,29.0,1,2158287
307,31.0,38000000.0,349500000.0,11.0,1,1679739
308,44.0,86000000.0,456000000.0,19.0,2,68953344
309,38.0,33000000.0,85500000.0,39.0,1,3688278
310,38.0,177000000.0,193500000.00000003,91.0,1,3685150
311,35.0,234000000.0,613500000.0,38.0,2,27668836
312,38.0,520000000.0,794500000.0,65.0,3,355766051
313,31.0,101000000.0,124500000.0,81.0,2,12964449
314,10.999999999999996,30000000.0,66500000.0,45.0,0,318628
315,50.0,101500000.0,101500000.0,100.0,3,158289390
316,69.0,152000000.0,252000000.0,60.0,3,465114219
317,66.0,392000000.0,1456500000.0,27.0,3,382865515
318,24.0,94000000.0,183499999.99999997,51.0,1,2050889
319,34.0,197000000.0,497000000.0,40.0,2,10807960
320,39.0,237000000.0,263500000.0,90.0,1,2448993
321,10.999999999999996,22700000.0,86100000.0,26.0,0,379645
322,34.0,496000000.0,749000000.0,66.0,3,201439418
323,31.0,432000000.0,950000000.0,45.0,3,248152647
324,52.0,106000000.0,324500000.0,33.0,3,198835244
325,10.999999999999996,4900000.0,17400000.0,28.000000000000004,0,481146
326,12.000000000000004,9100000.0,32500000.0,28.000000000000004,0,234396
327,40.0,266000000.0,927500000.0,29.0,3,287639519
328,30.0,284000000.0,487000000.0,57.99999999999999,2,58222548
329,45.0,599000000.0,851500000.0,70.0,2,9296271
330,12.000000000000004,77500000.0,110400000.0,70.0,0,195425
331,51.0,746000000.0,1579500000.0,47.0,3,143506842
332,54.0,590000000.0,768000000.0,77.0,3,403812842
333,2.0,5400000.0,13899999.99999994,39.0,0,109167
334,1.0,2000000.0,3200000.0,62.0,0,73260
335,29.0,54000000.0,60500000.0,89.0,1,1477944
336,14.0,30700000.0,115200000.0,27.0,0,586418
337,38.0,217000000.0,347000000.0,63.0,2,47784162
338,60.0,222000000.0,237000000.0,94.0,3,85994072
339,10.0,22500000.0,46699999.99999994,48.0,0,204808
340,3.0,4600000.0,22700000.0,20.0,0,114859
341,58.0,276000000.0,2000000000.0,14.0,3,297683468
342,31.0,87000000.0,129000000.0,67.0,1,1723602
343,46.0,676000000.0,1440500000.0,47.0,3,294880019
344,51.0,460000000.0,790500000.0,57.99999999999999,3,345704642
345,47.0,265000000.0,444500000.0,60.0,2,84752585
346,64.0,1136000000.0,1440500000.0,79.0,3,210318634
347,41.0,178000000.0,1174000000.0,15.0,3,351147274
348,65.0,366000000.0,689500000.0,53.0,3,269566748
349,1.0,6300000.0,8700000.0,72.0,0,35289
350,66.0,1454000000.0,1920000000.0,76.0,3,124765901
351,60.0,1492000000.0,1959000000.0000002,76.0,3,126078614
352,45.0,114000000.0,151500000.0,75.0,3,130647715
353,19.0,49400000.0,50000000.0,99.0,0,190302
354,43.0,312000000.0,648500000.0,48.0,3,366873461
355,43.0,71000000.0,136500000.0,52.0,2,58756206
356,13.0,12600000.0,129200000.0,10.0,0,243723
357,31.0,96000000.0,140000000.0,69.0,3,216037629
358,35.0,79000000.0,79000000.0,100.0,3,236650242
359,34.0,119000000.0,211000000.0,56.00000000000001,1,2332678
360,32.0,426000000.0,544000000.0,78.0,2,21831845
361,40.0,694000000.0,713000000.0,97.0,2,37883280
362,68.0,596000000.0,662500000.0,90.0,3,419273209
363,63.0,172000000.0,405000000.0,42.0,3,390733556
364,66.0,576000000.0,642000000.0,90.0,3,161378367
365,69.0,768000000.0,1815000000.0,42.0,3,519288735
366,59.0,700000000.0,1037500000.0,67.0,3,496348580
367,35.0,634000000.0,817000000.0,78.0,3,48987398
368,34.0,359000000.0,363000000.0,99.0,2,62609289
369,58.0,392000000.0,600500000.0,65.0,3,562042839
370,48.0,604000000.0,620000000.0,97.0,2,67876083
371,41.0,204000000.0,260500000.0,78.0,3,372608584
372,60.0,346000000.0,843000000.0,41.0,3,202468896
373,24.0,14000000.0,192000000.0,7.0,1,2203793
374,17.0,49700000.0,114700000.0,43.0,0,810349
375,14.0,75899999.99999999,121300000.0,63.0,0,226037
376,35.0,306000000.0,736000000.0,42.0,3,297963787
377,59.0,236000000.0,517000000.0,46.0,3,184956899
378,33.0,57000000.0,114500000.0,50.0,1,1982095
379,10.0,4300000.0,6000000.0,72.0,0,456333
380,48.0,774000000.0,1131000000.0,68.0,3,252461432
381,7.0,56200000.0,59000000.0,95.0,0,102870
382,34.0,53500000.0,455000000.0,12.0,1,3288171
383,14.0,36400000.0,36800000.0,99.0,0,348344
384,50.0,598000000.0,1262500000.0,47.0,3,499330355
385,30.0,121500000.0,122500000.0,99.0,1,1981012
386,9.0,30500000.0,42900000.0,71.0,0,412018
387,59.0,358000000.0,542500000.0,66.0,3,352627675
388,38.0,79000000.0,93000000.0,85.0,2,13393047
389,32.0,45000000.0,199000000.0,23.0,2,44464129
390,32.0,71500000.0,242000000.0,30.0,1,3195815
391,25.0,46000000.0,85000000.0,54.0,1,2167798
392,42.0,202000000.0,219000000.0,92.0,3,278863040
393,39.0,146000000.0,309000000.0,47.0,3,292982172
394,38.0,101000000.0,468000000.0,22.0,2,58069870
395,29.0,124500000.0,300500000.0,41.0,1,2483885
396,48.0,77000000.0,193000000.0,40.0,2,79183417
397,8.0,4100000.0,4200000.0,98.0,0,368898
398,22.0,93500000.0,188000000.0,50.0,1,1470714
399,35.0,52500000.0,85000000.0,62.0,1,3597304
400,33.0,175000000.0,357500000.0,49.0,2,18138894
401,66.0,1528000000.0,2110500000.0,72.0,3,654033513
402,35.0,202000000.0,248500000.0,81.0,3,206977904
403,43.0,61999999.999999985,309500000.0,20.0,2,41180540
404,12.000000000000004,62800000.0,85000000.0,74.0,0,162643
405,62.0,272000000.0,1309000000.0,21.0,3,419667546
406,47.0,262000000.0,364000000.0,72.0,3,225631287
407,66.0,138000000.0,1770000000.0,8.0,3,340750599
408,54.0,166000000.0,186000000.0,89.0,3,456826993
409,26.0,133500000.0,141000000.00000003,95.0,1,2233690
410,55.0,798000000.0,1338500000.0,60.0,3,296086561
411,32.0,399000000.0,523000000.0,76.0,2,43967939
412,17.0,40400000.0,90300000.0,45.0,0,796140
413,51.0,606000000.0,922500000.0,66.0,3,57548826
414,40.0,100000000.0,169000000.0,59.0,2,23130774
415,30.0,97000000.0,141000000.00000003,69.0,2,45617280
416,12.000000000000004,32300000.0,51000000.0,63.0,0,295786
417,30.0,229500000.0,429500000.0,53.0,1,2879807
418,68.0,424000000.0,682000000.0,62.0,3,595333415
419,38.0,424000000.0,778000000.0,54.0,3,216772517
420,42.0,570000000.0,1093500000.0,52.0,3,117844205
421,68.0,552000000.0,2234500000.0,25.0,3,134104069
422,44.0,200000000.0,619000000.0,32.0,3,234019230
423,23.0,232500000.0,255000000.0,91.0,1,1169563
424,2.0,8300000.0,13100000.0,63.0,0,72033
425,35.0,640000000.0,853000000.0,75.0,3,59737478
426,36.0,484000000.0,652000000.0,74.0,2,30242112
427,52.0,230000000.0,1043000000.0,22.0,3,168709993
428,29.0,94000000.0,185500000.0,51.0,1,1728270
429,48.0,222000000.0,558000000.0,40.0,2,37226650
430,36.0,128000000.0,1215000000.0,11.0,3,307905571
431,23.0,55499999.999999985,86500000.0,64.0,1,2042730
432,65.0,442000000.0,1063000000.0,42.0,3,259450668
433,44.0,182000000.0,439000000.0,41.0,3,111805799
434,14.0,31800000.0,63400000.0,50.0,0,294435
435,60.0,142000000.0,193500000.00000003,73.0,3,131200924
436,58.0,182000000.0,308000000.0,59.0,3,63841583
437,53.0,1288000000.0,1810000000.0,71.0,3,216175049
438,27.0,23000000.0,45500000.0,51.0,1,1956870
439,61.0,998000000.0,1922000000.0,52.0,3,111091911
440,63.0,464000000.0,592500000.0,78.0,3,79272199
441,38.0,316000000.0,1100500000.0,29.0,3,111730245
442,40.0,165000000.0,628000000.0,26.0,2,59259469
443,65.0,1402000000.0,2098000000.0,67.0,3,264371520
444,58.0,288000000.0,350000000.0,82.0,3,118811544
445,25.0,72000000.0,159000000.0,45.0,1,1519290
446,30.0,72000000.0,169000000.0,43.0,2,42342787
447,17.0,36500000.0,111600000.0,33.0,0,506656
448,35.0,360000000.0,510500000.0,71.0,2,22413672
449,51.0,596000000.0,1428000000.0,42.0,3,227044024
450,38.0,54000000.0,277000000.0,19.0,2,14744068
451,38.0,177500000.0,342000000.0,52.0,1,3367590
452,15.0,45600000.0,69800000.0,65.0,0,432801
453,37.0,436000000.0,571500000.0,76.0,2,18077660
454,30.0,559000000.0,593000000.0,94.0,2,21926248
455,68.0,1082000000.0,2149000000.0,50.0,3,495699206
456,53.0,470000000.0,1415500000.0,33.0,3,361446688
457,8.0,58200000.0,78500000.0,74.0,0,186831
458,52.0,570000000.0,1317500000.0,43.0,3,407502079
459,39.0,350000000.0,353500000.0,99.0,1,1970018
460,14.0,29300000.0,36900000.0,79.0,0,544944
461,49.0,278000000.0,656500000.0,42.0,2,54466080
462,66.0,720000000.0,1165500000.0,62.0,3,258872380
463,5.0,26600000.0,28000000.00000006,95.0,0,198852
464,18.0,10800000.0,23000000.0,47.0,0,562882
465,67.0,1260000000.0,1553000000.0,81.0,3,370773067
466,33.0,458000000.0,460500000.0,99.0,3,136464226
467,10.0,19800000.0,91200000.0,22.0,0,185431
468,39.0,463500000.0,467000000.0,99.0,1,3679736
469,36.0,41000000.0,51000000.0,80.0,1,2758178
470,36.0,77500000.0,86500000.0,90.0,1,1968078
471,17.0,93200000.0,146800000.0,63.0,0,810070
472,25.0,74000000.0,189500000.0,39.0,1,2371806
473,29.0,54999999.999999985,274000000.0,20.0,1,2684801
474,69.0,168000000.0,168000000.0,100.0,3,492665864
475,47.0,264000000.0,707500000.0,37.0,3,96101239
476,67.0,1036000000.0,1878500000.0,55.00000000000001,3,614113785
477,30.0,360000000.0,404500000.0,89.0,1,3077243
478,41.0,114000000.0,293500000.0,39.0,3,63529858
479,66.0,1606000000.0,1648500000.0,97.0,3,502757701
480,36.0,140000000.0,142500000.0,98.0,1,3493233
481,43.0,225000000.0,345500000.0,65.0,2,58556875
482,39.0,684000000.0,840000000.0,81.0,3,278877629
483,19.0,12200000.0,64000000.0,19.0,0,703017
484,36.0,65500000.0,124500000.0,53.0,1,2153588
485,62.0,692000000.0,1796500000.0,39.0,3,585855153
486,10.999999999999996,25800000.0,90000000.0,29.0,0,150595
487,48.0,518000000.0,895500000.0,57.99999999999999,3,394408217
488,31.0,354000000.0,843500000.0,42.0,3,247526126
489,56.0,166000000.0,166000000.0,100.0,3,167348391
490,6.0,18100000.0,19700000.0,92.0,0,277666
491,53.0,492000000.0,569500000.0,86.0,3,494164647
492,34.0,507000000.0,547000000.0,93.0,2,40324211
493,52.0,302000000.0,434000000.0,70.0,3,474244883
494,48.0,472000000.0,1645500000.0,29.0,3,55599986
495,31.0,117500000.0,296500000.0,40.0,1,1690993
496,43.0,340000000.0,489500000.0,69.0,3,87557391
497,45.0,319000000.0,363500000.0,88.0,2,48944562
498,59.0,478000000.0,1780000000.0,27.0,3,129920948
499,42.0,199000000.0,465000000.0,43.0,2,70802667
500,21.0,229000000.0,288000000.0,80.0,1,1929178
501,9.0,23700000.0,25800000.0,92.0,0,224723
502,30.0,100000000.0,111000000.0,90.0,3,250673019
503,51.0,264000000.0,483000000.0,55.00000000000001,3,338757404
504,13.0,32200000.0,68700000.0,47.0,0,596259
505,26.0,90000000.0,133500000.0,67.0,1,2578429
506,60.0,156000000.0,570000000.0,27.0,3,415947973
507,40.0,53000000.0,215000000.0,25.0,2,73929467
508,52.0,150000000.0,207500000.0,72.0,3,146744471
509,41.0,459000000.0,559500000.0,82.0,2,31957383
510,69.0,304000000.0,603000000.0,50.0,3,617923954
511,47.0,174000000.0,193000000.0,90.0,3,146393366
512,50.0,308000000.0,1424500000.0,22.0,3,363483529
513,49.0,178000000.0,304500000.0,57.99999999999999,2,60046104
514,19.0,42100000.0,87800000.0,48.0,0,746208
515,31.0,250000000.0,614000000.0,41.0,3,235803673
516,46.0,578000000.0,1031000000.0,56.00000000000001,3,261266782
517,22.0,23000000.0,36500000.0,63.0,1,1933847
518,54.0,440000000.0,528000000.0,83.0,3,263504594
519,68.0,908000000.0,1780000000.0,51.0,3,255166925
520,1.0,3600000.0,9100000.0,40.0,0,93536
521,46.0,164000000.0,779000000.0,21.0,3,342151896
522,38.0,298000000.0,330000000.0,90.0,2,39736960
523,48.0,730000000.0,1063500000.0,69.0,3,179867738
524,52.0,666000000.0,930500000.0,72.0,3,277918033
525,40.0,231000000.0,328000000.0,70.0,2,41007774
526,39.0,203000000.0,400000000.0,51.0,1,2529783
527,50.0,1128000000.0,1196500000.0,94.0,3,151304917
528,55.0,1068000000.0000001,1758500000.0,61.0,3,436562858
529,52.0,129500000.0,129500000.0,100.0,3,493092078
530,4.0,8900000.0,10800000.0,82.0,0,249793
531,12.000000000000004,12000000.0,12400000.0,97.0,0,617274
532,39.0,288000000.0,288000000.0,100.0,3,350945631
533,36.0,45000000.0,333000000.0,14.0,2,36437026
534,66.0,342000000.0,400500000.0,85.0,3,381808245
535,7.0,13800000.0,33199999.99999994,42.0,0,384386
536,37.0,185000000.0,446500000.0,41.0,2,42071234
537,33.0,934000000.0000001,1080000000.0,86.0,3,144911381
538,53.0,1084000000.0,1187500000.0,91.0,3,462890985
539,33.0,74999999.99999999,176500000.0,42.0,2,24410506
540,66.0,576000000.0,1170000000.0,49.0,3,561359644
541,66.0,606000000.0,606000000.0,100.0,3,470240484
542,15.0,25900000.0,29600000.0,88.0,0,312001
543,55.0,184000000.0,312500000.0,59.0,3,529469485
544,30.0,418000000.0,849000000.0,49.0,3,78842149
545,30.0,254000000.0,350000000.0,73.0,2,13253698
546,60.0,278000000.0,411000000.0,68.0,3,367048735
547,66.0,858000000.0,916500000.0,94.0,3,589686973
548,55.0,1468000000.0,1767500000.0,83.0,3,99509538
549,5.0,21600000.0,45900000.0,47.0,0,243689
550,30.0,570000000.0,993000000.0,56.99999999999999,3,95171268
551,62.0,138000000.0,1825000000.0,8.0,3,205810357
552,21.0,74000000.0,163499999.99999997,45.0,1,1164489
553,17.0,20300000.0,132900000.0,15.0,0,540032
554,60.0,163500000.0,163499999.99999997,100.0,3,302288303
555,49.0,422000000.0,1656500000.0,25.0,3,52141787
556,31.0,511000000.0,601500000.0,85.0,2,47317495
557,33.0,237000000.0,271000000.0,87.0,1,2869538
558,19.0,44900000.0,53500000.0,84.0,0,459380
559,38.0,442000000.0,553000000.0,80.0,3,337865429
560,41.0,1298000000.0,1399000000.0,93.0,3,214693001
561,69.0,214000000.0,1278000000.0,17.0,3,642221525
562,3.0,11900000.0,19600000.0,61.0,0,112602
563,3.0,10300000.0,11000000.0,94.0,0,106381
564,64.0,482000000.0,1764500000.0,27.0,3,221242699
565,34.0,378000000.0,1038500000.0,36.0,3,179678067
566,39.0,300000000.0,1104000000.0,27.0,3,47767501
567,58.0,1214000000.0,1386500000.0,88.0,3,160698445
568,53.0,974000000.0,1579000000.0,62.0,3,174339845
569,38.0,338000000.0,779500000.0,43.0,3,295240644
570,10.0,41600000.0,62900000.0,66.0,0,175765
571,15.0,117000000.0,140900000.00000003,83.0,0,153248
572,56.0,892000000.0,1520500000.0,59.0,3,206846283
573,38.0,87999999.99999999,806500000.0,11.0,3,213819606
574,24.0,25000000.0,72000000.0,35.0,1,1583041
575,36.0,388000000.0,813000000.0,48.0,3,187920049
576,49.0,784000000.0,788000000.0,99.0,3,267114667
577,48.0,154000000.0,564000000.0,27.0,2,71548917
578,66.0,758000000.0,1431000000.0,53.0,3,283198875
579,35.0,56000000.000000015,70500000.0,79.0,2,39462344
580,62.0,192000000.0,292000000.0,66.0,3,243799896
581,33.0,140000000.0,244500000.0,56.99999999999999,3,215056219
582,32.0,145500000.0,285500000.0,51.0,1,3259687
583,37.0,124500000.0,425000000.0,29.0,1,2593970
584,37.0,542000000.0,732500000.0,74.0,2,15214267
585,14.0,8800000.0,9200000.0,96.0,0,742032
586,41.0,64000000.0,724500000.0,9.0,2,44042616
587,34.0,50500000.0,177500000.0,28.000000000000004,1,1708996
588,6.0,2500000.0,33100000.0,8.0,0,176339
589,2.0,2600000.0,19500000.0,13.0,0,26904
590,36.0,362000000.0,459000000.0,79.0,1,3348711
591,67.0,648000000.0,1377500000.0,47.0,3,566835812
592,20.0,24000000.0,93000000.0,26.0,1,1900544
593,62.0,1094000000.0,1664500000.0,66.0,3,351259597
594,62.0,382000000.0,409000000.0,93.0,3,182479356
595,56.0,910000000.0,1853500000.0,49.0,3,532285353
596,28.0,40500000.0,248500000.0,16.0,1,2215042
597,58.0,202000000.0,246500000.0,82.0,3,382165154
598,42.0,134000000.0,571500000.0,23.0,3,90908138
599,46.0,330000000.0,620000000.0,53.0,3,208459802
600,42.0,228000000.0,708000000.0,32.0,3,196769502
601,65.0,1118000000.0,1897000000.0,59.0,3,314762740
602,9.0,26700000.0,55700000.0,48.0,0,327151
603,18.0,21600000.0,22900000.0,94.0,0,265955
604,39.0,222000000.0,640500000.0,35.0,3,342213739
605,63.0,180000000.0,1909500000.0,9.0,3,576180374
606,35.0,132000000.0,1157500000.0,11.0,3,150539990
607,44.0,124000000.0,365500000.0,34.0,3,204415092
608,51.0,488000000.0,631500000.0,77.0,3,250422658
609,33.0,449500000.0,456500000.0,98.0,1,3065091
610,41.0,225000000.0,362500000.0,62.0,2,80219708
611,33.0,254000000.0,517500000.0,49.0,3,167104154
612,22.0,28000000.0,121500000.0,23.0,1,1560679
613,54.0,1016000000.0000001,1048500000.0,97.0,3,138357487
614,16.0,11400000.0,43700000.0,26.0,0,654561
615,65.0,130000000.0,130000000.0,100.0,3,538065802
616,54.0,1494000000.0,1585500000.0,94.0,3,406973149
617,28.0,243000000.0,414500000.0,59.0,1,1465693
618,23.0,178500000.0,276500000.0,65.0,1,1225026
619,45.0,116000000.0,813500000.0,14.0,2,86290011
620,31.0,82000000.00000001,98500000.0,83.0,2,10922861
621,20.0,109000000.0,131500000.0,83.0,1,1190355
622,3.0,5900000.0,16000000.0,37.0,0,192176
623,39.0,416000000.0,634500000.0,66.0,3,285700027
624,39.0,608000000.0,762000000.0,80.0,3,145492093
625,50.0,986000000.0000001,1408000000.0,70.0,3,509253097
626,34.0,33000000.0,43000000.0,77.0,1,1910665
627,30.0,243000000.0,546000000.0,45.0,2,56911640
628,49.0,742000000.0,1068500000.0,69.0,3,173543336
629,46.0,568000000.0,752000000.0,76.0,3,117692854
630,31.0,254000000.0,626000000.0,41.0,3,118918877
631,30.0,122000000.0,124500000.0,98.0,3,46589840
632,43.0,212000000.0,345500000.0,61.0,3,351206648
633,64.0,592000000.0,1071500000.0,55.00000000000001,3,123266474
634,26.0,14000000.0,148000000.0,9.0,1,2409039
635,12.000000000000004,41100000.0,42100000.0,98.0,0,195724
636,37.0,862000000.0,1061000000.0,81.0,3,307384338
637,28.0,107000000.0,147500000.00000003,73.0,1,2799815
638,48.0,588000000.0,720000000.0,82.0,3,87324415
639,29.0,200000000.0,246000000.0,81.0,1,2295753
640,41.0,753000000.0,766500000.0,98.0,2,8624149
641,31.0,33500000.0,124500000.0,27.0,1,2095986
642,38.0,228500000.0,511000000.0,45.0,1,2370971
643,44.0,122000000.0,1481500000.0,8.0,3,319125726
644,66.0,148000000.0,360000000.0,41.0,3,85885298
645,48.0,118000000.0,915000000.0,13.0,2,44297949
646,39.0,345500000.0,348500000.0,99.0,1,3216456
647,50.0,352000000.0,853000000.0,41.0,3,286357995
648,59.0,1480000000.0,1778500000.0,83.0,3,583887101
649,52.0,250000000.0,425000000.0,59.0,3,283273261
650,34.0,1064000000.0000001,1115000000.0,95.0,3,307698299
651,43.0,1380000000.0,1442000000.0,96.0,3,120735113
652,33.0,100500000.0,168000000.0,60.0,1,2109881
653,29.0,357500000.0,431500000.0,83.0,1,2018664
654,43.0,304000000.0,719000000.0,42.0,3,415419400
655,29.0,243000000.0,355000000.0,68.0,1,2445360
656,36.0,54999999.999999985,187000000.00000003,29.0,2,57590617
657,32.0,186000000.0,632500000.0,29.0,3,205359400
658,18.0,43400000.0,48500000.0,89.0,0,834401
659,39.0,29500000.0,229500000.0,13.0,1,3348246
660,8.0,30100000.0,56400000.0,53.0,0,166829
661,41.0,123000000.0,170500000.00000003,72.0,2,69781053
662,15.0,52400000.0,113700000.0,46.0,0,368415
663,60.0,252000000.0,252000000.0,100.0,3,586337527
664,35.0,126000000.0,370500000.0,34.0,2,48956006
665,38.0,220000000.0,1060000000.0,21.0,3,280967231
666,42.0,260000000.0,823500000.0,32.0,3,181450091
667,3.0,2100000.0,12700000.0,17.0,0,186724
668,18.0,35700000.0,41100000.00000006,87.0,0,907781
669,49.0,128000000.0,1700000000.0,8.0,3,230057549
670,19.0,91400000.0,102300000.0,89.0,0,418943
671,35.0,109000000.0,476500000.0,23.0,2,39878727
672,44.0,101000000.0,233000000.0,43.0,2,75163730
673,2.0,8300000.0,13400000.0,62.0,0,68212
674,51.0,164000000.0,1149000000.0,14.0,3,180857615
675,1.0,1500000.0,3300000.0,45.0,0,84665
676,43.0,414000000.0,788000000.0,53.0,3,289711554
677,54.0,1086000000.0,1615500000.0,67.0,3,538148545
678,30.0,936000000.0,981000000.0,95.0,3,188211944
679,8.0,3300000.0,16000000.0,21.0,0,329136
680,22.0,51000000.0,146000000.0,35.0,1,1908189
681,30.0,70000000.0,93000000.0,75.0,3,105969739
682,10.999999999999996,10600000.0,16400000.0,65.0,0,496841
683,32.0,276000000.0,797500000.0,35.0,3,281555578
684,38.0,333000000.0,483500000.0,69.0,1,2547836
685,49.0,1302000000.0,1385000000.0,94.0,3,182906249
686,54.0,848000000.0,1045500000.0,81.0,3,447991418
687,41.0,98000000.0,155500000.0,63.0,3,212370363
688,33.0,506000000.0,927000000.0,55.00000000000001,3,62652541
689,68.0,528000000.0,527500000.0,100.0,3,270695739
690,45.0,1328000000.0,1443000000.0,92.0,3,341045938
691,21.0,12000000.0,55500000.0,22.0,1,1777074
692,40.0,892000000.0,1247000000.0,72.0,3,318794440
693,7.0,23200000.0,44100000.0,53.0,0,329489
694,48.0,212000000.0,368000000.0,57.99999999999999,2,40148858
695,38.0,424000000.0,653500000.0,65.0,3,309856428
696,33.0,202000000.0,415500000.0,49.0,2,61821965
697,54.0,292000000.0,630000000.0,46.0,3,259962980
698,54.0,538000000.0,864000000.0,62.0,3,86020329
699,8.0,5900000.0,29200000.0,20.0,0,159260
700,38.0,634000000.0,793000000.0,80.0,3,42139084
701,65.0,234000000.0,587500000.0,40.0,3,320622155
702,5.0,24400000.0,42800000.0,56.99999999999999,0,162538
703,10.999999999999996,47300000.0,66000000.0,72.0,0,210088
704,65.0,552000000.0,2153500000.0,26.0,3,317594683
705,63.0,306000000.0,1047000000.0,29.0,3,273705827
706,40.0,52000000.0,149000000.0,35.0,2,33365557
707,23.0,44000000.0,329500000.0,13.0,1,1207748
708,40.0,65000000.0,541000000.0,12.0,2,81656271
709,48.0,156000000.0,424500000.0,37.0,3,230864734
710,39.0,735000000.0,735000000.0,100.0,3,129917904
711,22.0,35000000.0,283000000.0,12.0,1,2035859
712,12.000000000000004,28800000.0,37500000.0,77.0,0,410908
713,60.0,1588000000.0,1887000000.0,84.0,3,421376602
714,26.0,52500000.0,227500000.0,23.0,1,1308338
715,21.0,19500000.0,65000000.0,30.0,1,1619311
716,15.0,10600000.0,103700000.0,10.0,0,512657
717,38.0,107000000.0,122500000.0,87.0,1,3244036
718,39.0,350000000.0,630000000.0,56.00000000000001,3,210947958
719,37.0,136000000.0,425500000.0,32.0,1,3449033
720,50.0,1104000000.0,1346500000.0,82.0,3,224054115
721,59.0,722000000.0,1348000000.0,54.0,3,174869745
722,65.0,828000000.0,1546000000.0,54.0,3,119867988
723,14.0,9500000.0,10100000.0,94.0,0,189082
724,40.0,47000000.0,87000000.0,54.0,2,61633778
725,27.0,46000000.0,220000000.00000003,21.0,1,2337932
726,35.0,146000000.0,287500000.0,51.0,3,55015552
727,32.0,122000000.0,719500000.0,17.0,3,211847475
728,18.0,70000000.0,152300000.0,46.0,0,460109
729,2.0,17400000.0,17900000.0,97.0,0,97766
730,36.0,176000000.0,384000000.0,46.0,3,355463699
731,69.0,1334000000.0,2346000000.0,56.99999999999999,3,477733488
732,12.000000000000004,61200000.0,106300000.0,57.99999999999999,0,416426
733,13.0,57000000.0,62200000.0,92.0,0,326174
734,42.0,111000000.0,145000000.0,77.0,2,28535787
735,35.0,94000000.0,356500000.0,26.0,2,19442104
736,66.0,246000000.0,246000000.0,100.0,3,429243914
737,68.0,670000000.0,668500000.0,100.0,3,265227304
738,34.0,121000000.0,307000000.0,39.0,1,2551836
739,34.0,195000000.0,314000000.0,62.0,2,28509287
740,5.0,10000000.0,15100000.0,66.0,0,287829
741,59.0,438000000.0,601000000.0,73.0,3,598753976
742,35.0,445000000.0,513500000.0,87.0,2,41528299
743,56.0,522000000.0,1052500000.0,50.0,3,567620177
744,4.0,23300000.0,33199999.99999994,70.0,0,93295
745,43.0,112000000.0,359500000.0,31.0,2,10052639
746,30.0,213500000.0,248000000.0,86.0,1,1735852
747,17.0,65600000.0,77800000.0,84.0,0,757263
748,15.0,38700000.0,54900000.0,70.0,0,793080
749,27.0,226500000.0,280000000.0,81.0,1,1870026
750,17.0,44400000.0,79800000.0,56.00000000000001,0,170086
751,18.0,23900000.0,80600000.0,30.0,0,849902
752,16.0,73900000.0,77400000.0,95.0,0,647126
753,6.0,14800000.0,32300000.0,46.0,0,72797
754,33.0,87000000.0,96000000.0,91.0,1,3119248
755,8.0,6500000.0,12800000.0,51.0,0,107836
756,45.0,354000000.0,501000000.0,71.0,3,77152609
757,34.0,186500000.0,186499999.99999997,100.0,3,255672358
758,41.0,202000000.0,1328500000.0,15.0,3,324114412
759,13.0,29100000.0,62700000.0,46.0,0,664806
760,45.0,1118000000.0,1171500000.0,95.0,3,243985328
761,41.0,628000000.0,728500000.0,86.0,3,295108594
762,7.0,13700000.0,14099999.99999994,97.0,0,296061
763,23.0,51000000.0,93500000.0,55.00000000000001,1,1882283
764,12.000000000000004,13900000.0,45200000.0,31.0,0,411540
765,55.0,132000000.0,501500000.0,26.0,3,421232706
766,25.0,137500000.0,227500000.0,60.0,1,1726982
767,34.0,262000000.0,326000000.0,80.0,3,272652616
768,27.0,40500000.0,47500000.00000006,85.0,1,2143950
769,40.0,308000000.0,692000000.0,45.0,3,187961841
770,38.0,167500000.0,388500000.0,43.0,1,3607821
771,50.0,544000000.0,838000000.0,65.0,3,296786119
772,39.0,372000000.0,699000000.0,53.0,3,160721563
773,42.0,1116000000.0,1173000000.0,95.0,3,54326657
774,32.0,606000000.0,961000000.0,63.0,3,228115433
775,8.0,59500000.0,74300000.0,80.0,0,347695
776,12.000000000000004,5800000.0,6100000.0,95.0,0,516837
777,30.0,128500000.0,260500000.0,49.0,1,1682602
778,64.0,1516000000.0,1725500000.0,88.0,3,450159492
779,55.0,244000000.0,264500000.0,92.0,3,322663721
780,10.0,7700000.0,85800000.0,9.0,0,343658
781,33.0,155500000.0,419500000.0,37.0,1,3235473
782,31.0,80999999.99999999,605500000.0,13.0,2,12414708
783,53.0,290000000.0,1250500000.0,23.0,3,199099783
784,41.0,195000000.0,224500000.0,87.0,2,58592034
785,67.0,202000000.0,491000000.0,41.0,3,499043663
786,47.0,942000000.0,1489000000.0,63.0,3,91810983
787,64.0,568000000.0,1287500000.0,44.0,3,220467762
788,36.0,122000000.0,334500000.0,36.0,3,325353031
789,42.0,666000000.0,817500000.0,81.0,3,200132886
790,39.0,87999999.99999999,705000000.0,12.0,3,148714612
791,10.0,7300000.0,14500000.00000006,50.0,0,196190
792,37.0,87499999.99999999,520000000.0,17.0,1,1949674
793,47.0,117000000.0,392500000.0,30.0,2,14026467
794,4.0,5500000.0,6600000.0,83.0,0,222234
795,13.0,6100000.0,9400000.0,65.0,0,420643
796,44.0,162000000.0,307000000.0,53.0,2,30700204
797,52.0,230000000.0,1500500000.0,15.0,3,387988191
798,53.0,490000000.0,1760500000.0,28.000000000000004,3,320230092
799,30.0,128000000.0,371000000.0,35.0,2,16389945
800,66.0,182000000.0,594000000.0,31.0,3,278358311
801,42.0,173000000.0,492000000.0,35.0,2,64348895
802,15.0,31700000.0,124700000.0,25.0,0,519268
803,63.0,740000000.0,1386000000.0,53.0,3,530154783
804,3.0,1700000.0,20599999.99999994,8.0,0,134328
805,56.0,902000000.0,1160500000.0,78.0,3,214301847
806,35.0,164000000.0,482500000.0,34.0,2,52958946
807,30.0,264000000.0,346500000.0,76.0,3,113042697
808,37.0,452000000.0,494000000.0,91.0,3,285206837
809,31.0,51500000.0,435000000.0,12.0,1,1618439
810,35.0,468000000.0,524500000.0,89.0,3,232625263
811,10.999999999999996,12100000.0,35100000.0,34.0,0,341265
812,17.0,14100000.0,25400000.0,56.00000000000001,0,825470
813,30.0,39000000.0,42500000.0,92.0,1,2869919
814,43.0,574000000.0,600500000.0,96.0,3,290748551
815,36.0,116000000.0,205500000.0,56.00000000000001,3,148463765
816,57.0,142000000.0,193500000.00000003,73.0,3,419110308
817,69.0,834000000.0,1171500000.0,71.0,3,451854030
818,56.0,152000000.0,299500000.0,51.0,3,375437721
819,30.0,19500000.0,116500000.0,17.0,1,1964237
820,58.0,408000000.0,767000000.0,53.0,3,357400577
821,2.0,3300000.0,19700000.0,17.0,0,112520
822,39.0,175000000.0,414500000.0,42.0,2,32923089
823,32.0,80000000.0,191000000.0,42.0,1,2446249
824,30.0,96000000.0,313500000.0,31.0,3,147446176
825,41.0,582000000.0,740500000.0,79.0,3,399532268
826,25.0,97500000.0,180500000.00000003,54.0,1,1362318
827,51.0,160000000.0,1222500000.0,13.0,3,468885749
828,58.0,440000000.0,797000000.0,55.00000000000001,3,418041658
829,50.0,658000000.0,1381000000.0,48.0,3,271590659
830,35.0,166000000.0,473500000.0,35.0,3,97075183
831,30.0,250000000.0,279000000.0,90.0,3,279354029
832,41.0,136000000.0,406000000.0,33.0,3,306184561
833,64.0,518000000.0,939500000.0,55.00000000000001,3,362260321
834,49.0,294000000.0,1530500000.0,19.0,3,63024793
835,29.0,30500000.0,76500000.0,40.0,1,2965276
836,61.0,254000000.0,294500000.0,86.0,3,256251071
837,69.0,1434000000.0,1962000000.0,73.0,3,614810004
838,13.0,15400000.0,51800000.0,30.0,0,633520
839,26.0,234000000.0,273000000.0,86.0,1,1332879
840,38.0,135500000.0,471500000.0,29.0,1,2599686
841,69.0,424000000.0,424500000.0,100.0,3,678041154
842,15.0,10000000.0,14300000.00000006,70.0,0,520568
843,66.0,460000000.0,561000000.0,82.0,3,141714887
844,44.0,555000000.0,605000000.0,92.0,2,58589045
845,28.0,240000000.0,396500000.0,61.0,1,1624045
846,64.0,2052000000.0,2138000000.0,96.0,3,442338022
847,7.0,25900000.0,45600000.0,56.99999999999999,0,320817
848,65.0,170000000.0,235000000.0,72.0,3,443180947
849,33.0,48000000.0,146500000.0,33.0,2,35317324
850,36.0,89000000.0,178000000.0,50.0,1,2710119
851,36.0,389000000.0,616000000.0,63.0,2,43428474
852,36.0,180000000.0,214500000.0,84.0,3,194651660
853,42.0,596000000.0,1117500000.0,53.0,3,224113077
854,65.0,166000000.0,1124500000.0,15.0,3,445498763
855,30.0,355000000.0,388000000.0,91.0,2,30860630
856,35.0,250000000.0,480000000.0,52.0,1,3439063
857,35.0,372000000.0,1016500000.0,37.0,3,152410928
858,66.0,600000000.0,1695000000.0,35.0,3,608682751
859,47.0,134000000.0,1474000000.0,9.0,3,121948346
860,39.0,128000000.0,138500000.0,92.0,1,3871704
861,37.0,73000000.0,466500000.0,16.0,2,55599257
862,51.0,340000000.0,421500000.0,81.0,3,319108957
863,6.0,2800000.0,18000000.0,16.0,0,286034
864,37.0,126000000.0,429500000.0,29.0,2,55337795
865,10.0,22100000.0,23200000.0,95.0,0,453278
866,5.0,4800000.0,15400000.0,31.0,0,120537
867,42.0,350000000.0,1281000000.0,27.0,3,178504718
868,60.0,370000000.0,454500000.0,81.0,3,485120116
869,68.0,1632000000.0,1949500000.0,84.0,3,184043322
870,49.0,484000000.0,720500000.0,67.0,3,190968187
871,58.0,180000000.0,875000000.0,21.0,3,462764931
872,45.0,126000000.0,147500000.00000003,85.0,2,78279771
873,44.0,100000000.0,203500000.00000003,49.0,3,272601814
874,36.0,76000000.00000001,142500000.0,53.0,3,280474041
875,43.0,132000000.0,734500000.0,18.0,2,33189387
876,15.0,90299999.99999999,121600000.0,74.0,0,470935
877,4.0,2200000.0,2500000.0,88.0,0,144770
878,2.0,3800000.0,6800000.0,56.00000000000001,0,108994
879,45.0,286000000.0,396500000.0,72.0,2,79870029
880,12.000000000000004,13800000.0,31900000.0,43.0,0,620188
881,42.0,312000000.0,1056000000.0,30.0,3,400639257
882,39.0,942000000.0,1129500000.0,83.0,3,84877784
883,33.0,96000000.0,1104000000.0,9.0,3,118804067
884,38.0,366500000.0,535500000.0,68.0,1,2028334
885,24.0,219500000.0,324500000.0,68.0,1,1203745
886,37.0,290000000.0,720500000.0,40.0,3,152505868
887,43.0,178000000.0,597500000.0,30.0,3,56507706
888,22.0,64500000.0,113000000.0,56.99999999999999,1,1284669
889,57.0,260000000.0,325500000.0,80.0,3,470908536
890,39.0,339000000.0,431500000.0,79.0,2,10389409
891,1.0,4900000.0,7800000.00000006,63.0,0,84384
892,6.0,4600000.0,17100000.0,27.0,0,274271
893,6.0,20300000.0,32500000.0,62.0,0,187638
894,33.0,108000000.0,871500000.0,12.0,3,107779259
895,33.0,247500000.0,247500000.0,100.0,3,268438150
896,13.0,71400000.0,89600000.0,80.0,0,369306
897,49.0,885000000.0,908500000.0,97.0,2,78031444
898,41.0,394000000.0,946000000.0,42.0,3,204213137
899,47.0,740000000.0,919000000.0,81.0,3,473991162
900,31.0,326000000.0,351500000.0,93.0,3,190602196
901,18.0,21000000.0,119400000.0,18.0,0,848474
902,29.0,23500000.0,401500000.0,6.0,1,2065296
903,30.0,58000000.0,97000000.0,60.0,2,49477402
904,62.0,696000000.0,1664500000.0,42.0,3,134906309
905,47.0,90000000.0,187500000.0,48.0,2,85323565
906,45.0,316000000.0,385500000.0,82.0,3,379215466
907,30.0,202000000.0,217500000.0,93.0,3,154331308
908,10.999999999999996,15600000.0,37100000.0,42.0,0,426056
909,10.999999999999996,22900000.0,101000000.0,23.0,0,321301
910,48.0,148000000.0,1192500000.0,12.0,3,264736372
911,37.0,50500000.0,133500000.0,38.0,1,2943301
912,45.0,554000000.0,680500000.0,81.0,2,20360258
913,39.0,187000000.0,700500000.0,27.0,2,25763564
914,68.0,804000000.0,2341000000.0,34.0,3,565076564
915,46.0,380000000.0,1067000000.0,36.0,3,291503966
916,49.0,482000000.0,573500000.0,84.0,2,12355059
917,61.0,158000000.0,780500000.0,20.0,3,172035925
918,46.0,270000000.0,413000000.0,65.0,3,411868342
919,40.0,374000000.0,747000000.0,50.0,2,70378890
920,67.0,184000000.0,342500000.0,54.0,3,199092759
921,47.0,714000000.0,878500000.0,81.0,3,373380253
922,33.0,84000000.0,913500000.0,9.0,3,323784916
923,56.0,408000000.0,887500000.0,46.0,3,286551535
924,62.0,154000000.0,1508500000.0,10.0,3,491004428
925,32.0,209500000.0,385500000.0,54.0,1,2440553
926,41.0,696000000.0,940000000.0,74.0,3,139876399
927,1.0,1300000.0,2500000.0,52.0,0,31084
928,38.0,116000000.0,835000000.0,14.0,3,320306337
929,59.0,274000000.0,1187500000.0,23.0,3,346628878
930,68.0,356000000.0,1447000000.0,25.0,3,404654080
931,43.0,164000000.0,163499999.99999997,100.0,2,77942426
932,47.0,964000000.0000001,1462000000.0,66.0,3,473420031
933,32.0,164500000.0,265000000.0,62.0,1,3084857
934,54.0,592000000.0,1546500000.0,38.0,3,181121318
935,40.0,266000000.0,526000000.0,51.0,2,10687297
936,39.0,130500000.0,130500000.0,100.0,3,369786952
937,56.0,274000000.0,475000000.0,57.99999999999999,3,151122335
938,61.0,580000000.0,930500000.0,62.0,3,321771723
939,54.0,1198000000.0,1390500000.0,86.0,3,340208560
940,33.0,138500000.0,244000000.0,56.99999999999999,1,2517185
941,49.0,1634000000.0,1713500000.0,95.0,3,193745252
942,22.0,58000000.0,87500000.0,66.0,1,1775045
943,45.0,238000000.0,577500000.0,41.0,3,285624754
944,55.0,202000000.0,446000000.0,45.0,3,410143620
945,16.0,72900000.0,96000000.0,76.0,0,695786
946,66.0,1646000000.0,1987500000.0,83.0,3,79742292
947,20.0,165000000.0,253500000.0,65.0,1,1637000
948,25.0,337000000.0,346000000.0,97.0,1,2587333
949,42.0,1092000000.0,1198500000.0,91.0,3,126185499
950,39.0,318000000.0,513500000.0,62.0,2,60445379
951,31.0,348000000.0,371000000.0,94.0,3,195774540
952,24.0,205500000.0,228000000.0,90.0,1,2492986
953,54.0,660000000.0,984000000.0,67.0,3,182586782
954,68.0,560000000.0,925000000.0,61.0,3,314848210
955,63.0,1042000000.0000001,1255500000.0,83.0,3,79655839
956,43.0,216000000.0,473000000.0,46.0,3,56381253
957,34.0,80999999.99999999,387000000.0,21.0,2,17109483
958,35.0,44000000.0,294000000.0,15.0,1,2986711
959,41.0,108000000.0,187500000.0,57.99999999999999,2,13579669
960,69.0,178000000.0,982500000.0,18.0,3,246910922
961,47.0,436000000.0,565000000.0,77.0,3,53893961
962,13.0,17700000.0,111200000.0,16.0,0,620601
963,33.0,150000000.0,156000000.0,96.0,3,149172832
964,10.999999999999996,46200000.0,66300000.0,70.0,0,488484
965,1.0,4600000.0,8200000.00000006,56.00000000000001,0,30384
966,32.0,324000000.0,526000000.0,62.0,3,171069713
967,46.0,1504000000.0,1565000000.0,96.0,3,218601591
968,35.0,19500000.0,108500000.0,18.0,1,2372228
969,13.0,6200000.0,22000000.0,28.000000000000004,0,322912
970,30.0,33000000.0,276000000.0,12.0,2,8453750
971,54.0,588000000.0,1513500000.0,39.0,3,172343072
972,34.0,284000000.0,335000000.0,85.0,3,119095719
973,61.0,368000000.0,566000000.0,65.0,3,420425058
974,50.0,332000000.0,1249000000.0,27.0,3,131111393
975,46.0,300000000.0,480000000.0,62.0,2,23072564
976,58.0,612000000.0,1808000000.0,34.0,3,98733329
977,46.0,447000000.0,659000000.0,68.0,2,50149390
978,23.0,54500000.0,156000000.0,35.0,1,1325055
979,34.0,78000000.0,134000000.0,57.99999999999999,3,151373812
980,12.000000000000004,32700000.0,50200000.0,65.0,0,636737
981,49.0,840000000.0,952500000.0,88.0,2,20023825
982,38.0,110000000.0,128000000.0,86.0,2,33022429
983,61.0,1300000000.0,1556000000.0,84.0,3,248260826
984,46.0,394000000.0,572000000.0,69.0,3,139496666
985,31.0,276000000.0,869000000.0,32.0,3,212738380
986,65.0,1560000000.0,1609000000.0,97.0,3,477823364
987,42.0,259000000.0,476000000.0,54.0,2,9989833
988,67.0,456000000.0,1446500000.0,32.0,3,123053161
989,52.0,154000000.0,842000000.0,18.0,3,374619555
990,36.0,86500000.0,86500000.0,100.0,1,3472578
991,16.0,6900000.0,115500000.0,6.0,0,473328
992,13.0,5500000.0,7099999.99999994,77.0,0,166818
993,24.0,18000000.0,99500000.0,18.0,1,2238590
994,44.0,248000000.0,682000000.0,36.0,3,74504394
995,25.0,219000000.0,304500000.0,72.0,1,1927892
996,30.0,112000000.0,1048500000.0,11.0,3,185243379
997,62.0,228000000.0,1322500000.0,17.0,3,390631200
998,46.0,257000000.0,658000000.0,39.0,2,46407646
999,19.0,10600000.0,10700000.0,99.0,0,644227
