,debtor_education_level
0,D3
1,S2
2,SD
3,S1
4,SMA
5,S1
6,D1
7,D3
8,D4
9,SMP
10,D4
11,D2
12,D2
13,S1
14,SMA
15,SMP
16,S3
17,SMP
18,D3
19,S1
20,D2
21,SD
22,S3
23,SMP
24,SMP
25,SMP
26,SD
27,SMP
28,D3
29,SMP
30,SMA
31,SMP
32,SD
33,SMP
34,SMP
35,S1
36,SMP
37,S2
38,SMP
39,SMP
40,SD
41,SMP
42,D4
43,D2
44,SMP
45,D3
46,SMA
47,D1
48,SMA
49,D1
50,SD
51,SMP
52,D4
53,S1
54,S2
55,S1
56,D3
57,SD
58,D1
59,SMP
60,SMP
61,SMP
62,SMP
63,SMP
64,SMA
65,SMP
66,SMP
67,D3
68,SMP
69,SMA
70,SD
71,SMP
72,S2
73,S3
74,SMA
75,D4
76,D3
77,S3
78,D4
79,D3
80,SD
81,SMP
82,SMP
83,D2
84,SMP
85,SMP
86,SMP
87,SMP
88,S3
89,D2
90,SMP
91,D4
92,SMA
93,D1
94,SMP
95,S2
96,S3
97,SMP
98,SD
99,SD
100,D2
101,SMP
102,D3
103,D1
104,SD
105,SMP
106,D4
107,D4
108,D1
109,S1
110,SD
111,SMP
112,SMP
113,SMP
114,S3
115,D3
116,D4
117,S1
118,S1
119,S3
120,SD
121,SMA
122,SMA
123,D4
124,SMA
125,SMP
126,SMP
127,SMP
128,SMA
129,D1
130,S2
131,SMP
132,SMP
133,S2
134,S3
135,S2
136,S3
137,D2
138,SMP
139,SMA
140,SD
141,SMP
142,D3
143,D2
144,SMP
145,D4
146,SMP
147,D1
148,S2
149,D2
150,SMP
151,D3
152,SMP
153,S2
154,D4
155,SMP
156,D4
157,D2
158,D1
159,SMP
160,SMP
161,D1
162,S1
163,S3
164,SMP
165,SMP
166,D3
167,SMP
168,SMP
169,D3
170,S2
171,SMP
172,SMP
173,SMP
174,SMA
175,SMP
176,SMP
177,SMP
178,S2
179,S1
180,SMP
181,SMP
182,S2
183,D1
184,S3
185,S1
186,SMP
187,SMP
188,D2
189,SMP
190,D3
191,SMP
192,D3
193,D3
194,SMP
195,S3
196,SD
197,SMP
198,D2
199,S1
200,SD
201,SMP
202,SMP
203,SMA
204,SMA
205,SD
206,D4
207,SMP
208,D3
209,SMP
210,D4
211,SMA
212,SMP
213,SMA
214,SMA
215,S1
216,SMP
217,D4
218,S2
219,SMA
220,SMP
221,D3
222,D3
223,D4
224,S2
225,SMP
226,SD
227,D3
228,SD
229,SMP
230,SMP
231,D4
232,SMP
233,D3
234,SMP
235,S3
236,S1
237,S1
238,D4
239,SD
240,D3
241,SMP
242,D1
243,SMP
244,SD
245,S1
246,SMP
247,SMP
248,SD
249,D4
250,D1
251,SMP
252,D1
253,D4
254,S2
255,SMP
256,SMP
257,SMP
258,S2
259,S3
260,S2
261,SMP
262,D3
263,SMA
264,D4
265,S1
266,D2
267,S1
268,D1
269,D4
270,S1
271,D2
272,D2
273,D4
274,S1
275,SMP
276,SMP
277,D1
278,SMP
279,S3
280,SMP
281,S2
282,D4
283,D3
284,SMP
285,D4
286,S3
287,SMP
288,S1
289,SD
290,SD
291,D2
292,SMA
293,SMA
294,SMP
295,D3
296,D2
297,SMP
298,D2
299,SMP
300,SMA
301,S1
302,S2
303,D1
304,D4
305,D1
306,D2
307,D1
308,D4
309,D2
310,SMA
311,SD
312,SMP
313,SMA
314,SMA
315,S2
316,D4
317,D3
318,S2
319,SMA
320,D2
321,D2
322,S1
323,D3
324,SD
325,SD
326,D4
327,S2
328,SMA
329,S1
330,S1
331,SMP
332,S1
333,SMA
334,SMP
335,SMP
336,D1
337,D1
338,D1
339,SMP
340,SMA
341,SMP
342,D1
343,SMP
344,SMA
345,SMP
346,SD
347,S2
348,D1
349,D3
350,SD
351,SMA
352,SD
353,D2
354,SMP
355,D3
356,SMA
357,D4
358,SMP
359,SMP
360,SMP
361,S1
362,SMP
363,S3
364,SMP
365,D4
366,D3
367,S3
368,SMA
369,SMP
370,D1
371,D2
372,SMP
373,S1
374,D3
375,SMP
376,SMP
377,SMP
378,D1
379,SMP
380,SMP
381,D1
382,D2
383,SMA
384,D1
385,D4
386,SMP
387,SMP
388,D4
389,D2
390,SD
391,S1
392,S1
393,SMP
394,SMA
395,D4
396,SMA
397,D2
398,SMP
399,SD
400,SD
401,S2
402,D1
403,D2
404,S2
405,S1
406,S3
407,D1
408,SMA
409,SMP
410,D4
411,SMP
412,SMP
413,S3
414,SMA
415,SMP
416,D2
417,D2
418,SMP
419,S1
420,S3
421,SD
422,S2
423,D2
424,SMP
425,SMA
426,S1
427,D3
428,SD
429,SMA
430,D2
431,SD
432,D1
433,S1
434,D4
435,D4
436,SMP
437,S3
438,D1
439,D2
440,S1
441,D4
442,S3
443,S2
444,D1
445,SMP
446,SMP
447,D3
448,SD
449,S2
450,SMP
451,SD
452,SD
453,D4
454,D4
455,D1
456,SD
457,S1
458,S2
459,D1
460,S1
461,D4
462,SD
463,SMP
464,SD
465,S2
466,SMA
467,SMP
468,S3
469,D1
470,D3
471,D2
472,SMP
473,SMP
474,D4
475,D3
476,D2
477,SMP
478,S1
479,SMA
480,S3
481,D1
482,D4
483,S1
484,SD
485,D4
486,SMP
487,S3
488,SMP
489,SD
490,S2
491,S3
492,SMP
493,S3
494,S1
495,S2
496,SMP
497,S3
498,D3
499,D1
500,D2
501,D3
502,D4
503,D1
504,SD
505,SMP
506,SMA
507,SMP
508,SMP
509,SMP
510,SMP
511,S3
512,SMP
513,S1
514,SMP
515,SD
516,D3
517,D1
518,D1
519,D2
520,D4
521,SMP
522,D1
523,D3
524,D4
525,S2
526,D2
527,S3
528,SMP
529,SMP
530,D1
531,SMP
532,S1
533,S3
534,SMP
535,S2
536,SMP
537,S1
538,SMP
539,D1
540,SMA
541,S1
542,S2
543,SMP
544,D3
545,D4
546,SMA
547,SMP
548,SD
549,S2
550,D2
551,SMA
552,D1
553,SMP
554,D3
555,SD
556,SD
557,SMP
558,SMP
559,SMP
560,SMP
561,D2
562,S3
563,D2
564,SMP
565,SMP
566,S1
567,SMP
568,D3
569,S3
570,D4
571,SMA
572,S2
573,D4
574,D1
575,S1
576,SMP
577,D3
578,SMP
579,S3
580,S1
581,SMA
582,SMA
583,D3
584,D1
585,SMP
586,SMP
587,SMP
588,SMP
589,D4
590,SMP
591,D4
592,SMA
593,D1
594,S3
595,S1
596,SMP
597,SMP
598,SMP
599,SMP
600,SMP
601,SMP
602,SMP
603,S2
604,S1
605,S3
606,D4
607,D1
608,S3
609,SMP
610,S2
611,S1
612,SMP
613,D3
614,S3
615,SMP
616,SMP
617,SMA
618,D1
619,S1
620,SMP
621,D3
622,D4
623,D1
624,D3
625,S3
626,S1
627,SMP
628,D3
629,SMP
630,SMA
631,D2
632,SMP
633,S2
634,SD
635,SMP
636,SD
637,S1
638,SMA
639,D1
640,SD
641,D4
642,D2
643,S3
644,D3
645,SMP
646,SMP
647,D2
648,SMP
649,SMP
650,S2
651,SMP
652,SMA
653,SMP
654,SMP
655,SMP
656,D1
657,S2
658,SMP
659,S2
660,S1
661,S1
662,SMP
663,D1
664,SMA
665,S1
666,SMP
667,SMP
668,SMP
669,S2
670,SMA
671,SMA
672,SMP
673,S3
674,SMP
675,SMP
676,SMP
677,D1
678,S3
679,SMA
680,SMP
681,SMP
682,D2
683,S3
684,S2
685,D3
686,D1
687,D2
688,S1
689,SMP
690,S3
691,SMP
692,D4
693,SMA
694,D1
695,D4
696,SMP
697,S1
698,D3
699,SMP
700,D1
701,D2
702,SMP
703,SMA
704,D3
705,SMA
706,D4
707,SMP
708,SD
709,D1
710,S1
711,SMP
712,SMP
713,S1
714,D3
715,SMP
716,S1
717,D1
718,D2
719,SMP
720,S3
721,SMA
722,D1
723,SD
724,S2
725,D2
726,S3
727,S1
728,SMP
729,SMP
730,SMP
731,SMP
732,SMP
733,SMP
734,SMP
735,D3
736,SMP
737,S2
738,S3
739,S2
740,SMP
741,S3
742,S1
743,D4
744,D2
745,D3
746,D2
747,SMP
748,SD
749,SMP
750,S1
751,D3
752,S3
753,D1
754,D1
755,D2
756,SMP
757,D1
758,D1
759,SMP
760,SD
761,SMP
762,D1
763,D2
764,S3
765,S1
766,S1
767,S3
768,S3
769,S1
770,S3
771,S1
772,SMP
773,SD
774,S3
775,SMA
776,D1
777,SMP
778,S3
779,SMA
780,D3
781,SMP
782,S3
783,S2
784,D3
785,S3
786,SMP
787,S1
788,SMP
789,SMP
790,D1
791,SMA
792,SD
793,S1
794,SMP
795,SMP
796,S1
797,SD
798,SMP
799,SMP
800,SD
801,SD
802,S2
803,SMP
804,SMP
805,D3
806,D1
807,D2
808,SMP
809,D1
810,D3
811,S1
812,SMP
813,S3
814,D3
815,D4
816,SMP
817,SD
818,SMA
819,D3
820,SD
821,SMP
822,D1
823,D3
824,D1
825,S3
826,SMP
827,D4
828,SD
829,D4
830,SMP
831,SMP
832,D1
833,S2
834,SMP
835,S3
836,SD
837,S3
838,S1
839,D1
840,S1
841,D2
842,D1
843,SMP
844,S1
845,D3
846,S3
847,D1
848,D4
849,SMA
850,SMP
851,SMP
852,SD
853,D2
854,D4
855,SD
856,SMA
857,D4
858,S3
859,SMP
860,SMP
861,SMA
862,S3
863,D2
864,SMP
865,SMA
866,SMP
867,SMP
868,SD
869,SMP
870,SMP
871,D3
872,S2
873,D1
874,S1
875,SMP
876,SMP
877,S2
878,SD
879,D2
880,S3
881,SMP
882,D2
883,D3
884,SMA
885,D4
886,SD
887,S1
888,SMP
889,D4
890,S3
891,SMA
892,D3
893,SMA
894,S1
895,D2
896,S3
897,SMP
898,S3
899,SMP
900,S2
901,SMP
902,SMP
903,SD
904,SMP
905,SMP
906,D4
907,SMP
908,D1
909,SD
910,D1
911,SMP
912,D2
913,SMA
914,SMP
915,SMP
916,S3
917,D1
918,S1
919,SD
920,S3
921,SD
922,D1
923,SMP
924,D3
925,SMP
926,S1
927,SMP
928,D3
929,S1
930,D3
931,SMP
932,D3
933,S2
934,S3
935,SD
936,SMP
937,S3
938,D1
939,SMP
940,SMP
941,SMA
942,SMP
943,S2
944,SD
945,D3
946,SMP
947,S3
948,SMA
949,S2
950,D3
951,SMP
952,D4
953,SD
954,D3
955,SMP
956,S1
957,D1
958,D1
959,SMP
960,SD
961,S3
962,D3
963,D1
964,SMP
965,D1
966,S3
967,SMA
968,D2
969,SD
970,SMP
971,SMP
972,SMP
973,D3
974,S3
975,S3
976,S3
977,S3
978,SMA
979,SMP
980,S2
981,SMA
982,SMP
983,SMP
984,SMP
985,S2
986,SMP
987,SMP
988,S2
989,D3
990,SMP
991,D1
992,SD
993,S1
994,D1
995,D3
996,S1
997,SMP
998,D4
999,D1
1000,S1
1001,D1
1002,D1
1003,SMP
1004,SMP
1005,SMP
1006,SMP
1007,SMP
1008,SMP
1009,D4
1010,SMP
1011,D4
1012,D1
1013,SMP
1014,D2
1015,SMP
1016,S2
1017,S3
1018,S2
1019,D3
1020,SMP
1021,S1
1022,S1
1023,SMP
1024,SMA
1025,SMP
1026,SD
1027,SMP
1028,D4
1029,SMP
1030,S2
1031,SMP
1032,D2
1033,SD
1034,SMP
1035,D1
1036,SMP
1037,D2
1038,D4
1039,SMP
1040,S2
1041,SMP
1042,SMP
1043,D3
1044,SMP
1045,D4
1046,SD
1047,D3
1048,D1
1049,S2
1050,S2
1051,S2
1052,D1
1053,S2
1054,SMA
1055,SMP
1056,S3
1057,SMP
1058,S1
1059,S1
1060,D3
1061,S2
1062,S3
1063,D3
1064,D3
1065,S2
1066,D4
1067,SD
1068,S3
1069,D1
1070,D4
1071,S1
1072,D4
1073,SMP
1074,D4
1075,S2
1076,SMP
1077,D4
1078,SD
1079,SMA
1080,D2
1081,SMA
1082,SMA
1083,D4
1084,S1
1085,SMP
1086,S3
1087,SD
1088,S2
1089,SD
1090,SMP
1091,SMA
1092,D1
1093,SMP
1094,SMP
1095,S2
1096,S3
1097,D4
1098,S2
1099,S1
1100,SD
1101,SMA
1102,D4
1103,S3
1104,SMP
1105,D1
1106,S2
1107,D4
1108,SMA
1109,D1
1110,D3
1111,S2
1112,D1
1113,SMP
1114,S2
1115,SMA
1116,SMP
1117,SMA
1118,D1
1119,SMA
1120,SMP
1121,S2
1122,D3
1123,D2
1124,SMP
1125,SMA
1126,D2
1127,S2
1128,SMP
1129,SMP
1130,SMP
1131,D2
1132,S3
1133,SMP
1134,S1
1135,S3
1136,S3
1137,S1
1138,S3
1139,SMP
1140,S1
1141,D1
1142,SMP
1143,SMP
1144,S3
1145,SMP
1146,D2
1147,S2
1148,SD
1149,D1
1150,S3
1151,S2
1152,D2
1153,SD
1154,SMP
1155,D4
1156,S3
1157,SMA
1158,S2
1159,S2
1160,SD
1161,S1
1162,SMP
1163,D3
1164,SMP
1165,D2
1166,SMP
1167,SMP
1168,D4
1169,D4
1170,SMP
1171,D3
1172,SMP
1173,SD
1174,SMA
1175,D1
1176,SMP
1177,SMA
1178,SMP
1179,S1
1180,S3
1181,S2
1182,SMP
1183,D3
1184,D2
1185,SMA
1186,SMA
1187,SMP
1188,S1
1189,SMP
1190,SMP
1191,SMP
1192,D4
1193,S2
1194,SMP
1195,S1
1196,S2
1197,SMP
1198,SMP
1199,D2
1200,D2
1201,D3
1202,S3
1203,D3
1204,SMA
1205,SMA
1206,S2
1207,D4
1208,S1
1209,S1
1210,D2
1211,SMA
1212,SMP
1213,S3
1214,D3
1215,S1
1216,S1
1217,SMA
1218,SMP
1219,S2
1220,D3
1221,S3
1222,SD
1223,SMP
1224,SMP
1225,SMP
1226,SMA
1227,SMP
1228,SMP
1229,D3
1230,S1
1231,S1
1232,D1
1233,S2
1234,SMA
1235,S2
1236,SMP
1237,D4
1238,D3
1239,SMP
1240,D4
1241,SMP
1242,D1
1243,S1
1244,SD
1245,S3
1246,SMP
1247,SMA
1248,D1
1249,SMA
1250,S3
1251,SMP
1252,S1
1253,SMP
1254,SMP
1255,SMP
1256,D4
1257,D1
1258,S1
1259,SD
1260,S3
1261,SMP
1262,SMP
1263,SMP
1264,D2
1265,S3
1266,D4
1267,S1
1268,SD
1269,SD
1270,SMP
1271,SMP
1272,D2
1273,D2
1274,SMP
1275,D2
1276,S2
1277,D4
1278,SMP
1279,S2
1280,S3
1281,S2
1282,D4
1283,D1
1284,SMP
1285,D2
1286,SMP
1287,S3
1288,SMP
1289,D4
1290,SD
1291,S3
1292,D4
1293,SMP
1294,D1
1295,SD
1296,D3
1297,SD
1298,D2
1299,D2
1300,D2
1301,SMP
1302,S3
1303,D2
1304,S3
1305,SMP
1306,S1
1307,S2
1308,S3
1309,SMP
1310,S2
1311,D4
1312,S3
1313,D1
1314,SMP
1315,SMP
1316,SMA
1317,D2
1318,S1
1319,SMA
1320,S1
1321,D3
1322,S1
1323,D2
1324,S3
1325,SMP
1326,SMP
1327,SMA
1328,S1
1329,SMP
1330,D3
1331,SD
1332,S1
1333,S3
1334,SMP
1335,SMA
1336,S3
1337,S3
1338,SMP
1339,SMP
1340,S3
1341,SMA
1342,SMP
1343,D4
1344,D2
1345,S2
1346,SMP
1347,D2
1348,S2
1349,S3
1350,S1
1351,D4
1352,S1
1353,SMP
1354,S2
1355,SD
1356,S3
1357,D1
1358,SD
1359,S2
1360,D3
1361,SMP
1362,D2
1363,S2
1364,S3
1365,SMP
1366,D1
1367,D1
1368,SMP
1369,SMP
1370,SMA
1371,SMP
1372,S1
1373,SMP
1374,S2
1375,D2
1376,SMP
1377,SMP
1378,SMA
1379,S2
1380,D1
1381,S3
1382,S2
1383,SMP
1384,S1
1385,D1
1386,SMP
1387,S3
1388,SMP
1389,D1
1390,S3
1391,D1
1392,SMA
1393,SMP
1394,D4
1395,SD
1396,SMP
1397,S3
1398,S1
1399,D3
1400,SMA
1401,D2
1402,SMP
1403,SMP
1404,S2
1405,SMP
1406,SMP
1407,SMP
1408,SD
1409,D2
1410,D1
1411,SMP
1412,SD
1413,SMP
1414,S1
1415,D4
1416,S2
1417,SMP
1418,S1
1419,SMP
1420,S3
1421,S2
1422,SMP
1423,S3
1424,SMP
1425,D1
1426,SMP
1427,S2
1428,D2
1429,SMP
1430,SMP
1431,D4
1432,S1
1433,SMP
1434,S3
1435,SD
1436,SMP
1437,SMP
1438,SD
1439,D1
1440,SMP
1441,SMP
1442,SMA
1443,S2
1444,D4
1445,S1
1446,SMP
1447,D3
1448,S1
1449,S1
1450,SMP
1451,S2
1452,SMP
1453,S2
1454,S1
1455,SMP
1456,SMP
1457,SMP
1458,SMP
1459,D2
1460,D4
1461,S3
1462,SMA
1463,SD
1464,D1
1465,SMA
1466,SMP
1467,D1
1468,SMP
1469,SMA
1470,SMP
1471,SD
1472,S1
1473,SMP
1474,S1
1475,SMA
1476,SMP
1477,SMP
1478,S3
1479,SMP
1480,D2
1481,D4
1482,S1
1483,D1
1484,SD
1485,SMP
1486,SD
1487,SMP
1488,D2
1489,D2
1490,S1
1491,D4
1492,SMP
1493,D4
1494,SMP
1495,SMP
1496,S3
1497,SMA
1498,SMP
1499,S2
1500,D1
1501,SD
1502,SMP
1503,SMA
1504,SMA
1505,SMP
1506,S1
1507,S2
1508,SMP
1509,SD
1510,SMA
1511,SMP
1512,SMP
1513,SMP
1514,SMP
1515,S3
1516,S3
1517,SMP
1518,S3
1519,SMP
1520,SMP
1521,SMP
1522,SD
1523,S2
1524,SD
1525,D4
1526,SMP
1527,S3
1528,SMP
1529,SMA
1530,D2
1531,S2
1532,SMP
1533,S2
1534,SMP
1535,S3
1536,SD
1537,S2
1538,S3
1539,SMP
1540,S2
1541,S1
1542,D1
1543,SD
1544,SMP
1545,S1
1546,SMP
1547,S2
1548,D3
1549,S1
1550,D3
1551,S2
1552,D4
1553,SMP
1554,SMP
1555,D1
1556,S2
1557,SMP
1558,D2
1559,SD
1560,D4
1561,D2
1562,S2
1563,D2
1564,D4
1565,S3
1566,SMP
1567,SMP
1568,SD
1569,D4
1570,S2
1571,SMP
1572,SMP
1573,D2
1574,S1
1575,S2
1576,D1
1577,D2
1578,SMP
1579,SMP
1580,S1
1581,D1
1582,D3
1583,S1
1584,D4
1585,S2
1586,S2
1587,SMP
1588,S2
1589,D1
1590,S3
1591,SMP
1592,SD
1593,D4
1594,S2
1595,S2
1596,SD
1597,S3
1598,D4
1599,D2
1600,S3
1601,SD
1602,SMA
1603,SMP
1604,D3
1605,D4
1606,SMA
1607,SMA
1608,SMP
1609,SD
1610,S2
1611,SMP
1612,SMA
1613,D3
1614,SD
1615,S2
1616,SMP
1617,SMP
1618,SMP
1619,D1
1620,SMP
1621,D1
1622,SD
1623,SMP
1624,SMP
1625,S3
1626,D4
1627,S1
1628,S1
1629,SMP
1630,SMA
1631,SMA
1632,D3
1633,S1
1634,SMP
1635,SMA
1636,D2
1637,D4
1638,SMA
1639,SMP
1640,SMP
1641,S1
1642,D2
1643,SMP
1644,S1
1645,SD
1646,D4
1647,D1
1648,D4
1649,SMP
1650,SMP
1651,SD
1652,D1
1653,D1
1654,SMP
1655,D1
1656,SMP
1657,SD
1658,D1
1659,SMP
1660,D3
1661,D2
1662,SMP
1663,SMP
1664,S2
1665,SMP
1666,SMP
1667,D2
1668,SMP
1669,D3
1670,S1
1671,SD
1672,D2
1673,S1
1674,SMP
1675,D2
1676,D4
1677,S2
1678,S3
1679,SMP
1680,D2
1681,SMA
1682,SD
1683,SMP
1684,D1
1685,D3
1686,SMP
1687,D3
1688,SD
1689,SMP
1690,SMP
1691,SMP
1692,SD
1693,D3
1694,D2
1695,SMP
1696,S3
1697,D1
1698,SMP
1699,SD
1700,D2
1701,D2
1702,S3
1703,SMP
1704,SMA
1705,SMP
1706,D1
1707,SD
1708,S3
1709,D3
1710,SMP
1711,SMA
1712,S3
1713,SMP
1714,SMP
1715,S2
1716,D1
1717,D1
1718,D2
1719,SMP
1720,D1
1721,S3
1722,D3
1723,SMP
1724,SMP
1725,D2
1726,D2
1727,D1
1728,D4
1729,SMP
1730,D4
1731,SD
1732,S2
1733,SMA
1734,D3
1735,SMP
1736,S2
1737,SD
1738,SMP
1739,D2
1740,SD
1741,SMP
1742,SMP
1743,SMP
1744,SMP
1745,SMP
1746,SMP
1747,D2
1748,D1
1749,SD
1750,D1
1751,D3
1752,S1
1753,SMP
1754,SMP
1755,SMP
1756,SMP
1757,SMP
1758,D1
1759,SMP
1760,SMP
1761,S3
1762,D1
1763,SD
1764,SMP
1765,SMP
1766,SMP
1767,S3
1768,S3
1769,SMA
1770,S1
1771,D2
1772,SMP
1773,S3
1774,SMP
1775,SMP
1776,S2
1777,D1
1778,SMP
1779,D3
1780,SMP
1781,SMP
1782,D1
1783,SMA
1784,S1
1785,S3
1786,S3
1787,D3
1788,S1
1789,S3
1790,SMP
1791,SMA
1792,S1
1793,SMA
1794,D1
1795,S1
1796,S3
1797,S2
1798,D1
1799,D2
1800,SMP
1801,D1
1802,SMP
1803,SMP
1804,D1
1805,SMP
1806,D2
1807,SD
1808,S1
1809,SMP
1810,D4
1811,SMP
1812,SD
1813,D1
1814,SD
1815,SMA
1816,SMP
1817,SMP
1818,SMP
1819,S1
1820,S3
1821,D3
1822,S1
1823,SMP
1824,SMP
1825,S1
1826,SMA
1827,S3
1828,D2
1829,SMP
1830,D3
1831,S3
1832,S3
1833,D2
1834,SMA
1835,D1
1836,SMP
1837,SMP
1838,SMA
1839,D4
1840,S2
1841,S2
1842,D1
1843,S2
1844,D2
1845,S1
1846,SMP
1847,SMP
1848,S3
1849,SMA
1850,S1
1851,SMP
1852,D2
1853,S3
1854,SMP
1855,D4
1856,D2
1857,SMP
1858,D4
1859,D3
1860,S1
1861,SMA
1862,D4
1863,D1
1864,D4
1865,S2
1866,S3
1867,SD
1868,D4
1869,SMP
1870,SMA
1871,SMA
1872,D3
1873,S1
1874,SMP
1875,S1
1876,S2
1877,SMP
1878,SD
1879,SMP
1880,D1
1881,SD
1882,SMP
1883,SMP
1884,S2
1885,SMP
1886,SMP
1887,D1
1888,SMP
1889,S2
1890,D2
1891,S3
1892,D1
1893,S2
1894,S2
1895,SD
1896,D3
1897,D1
1898,S3
1899,D3
1900,SD
1901,S3
1902,SMP
1903,SD
1904,S1
1905,S3
1906,S2
1907,S2
1908,SMP
1909,SMP
1910,SMA
1911,S2
1912,SMP
1913,S2
1914,SMP
1915,SMP
1916,D1
1917,SMP
1918,SMP
1919,SMA
1920,S2
1921,D3
1922,SMP
1923,S1
1924,SMP
1925,SMA
1926,SMP
1927,SMP
1928,S3
1929,SMP
1930,SMP
1931,SMP
1932,D2
1933,S2
1934,S1
1935,SMP
1936,SMP
1937,S3
1938,D3
1939,D4
1940,SD
1941,D2
1942,D2
1943,D4
1944,D3
1945,S3
1946,D1
1947,D1
1948,D4
1949,D2
1950,D2
1951,D4
1952,SMP
1953,D2
1954,D4
1955,SMP
1956,SD
1957,D2
1958,SMA
1959,D4
1960,SD
1961,SD
1962,SMP
1963,SMP
1964,D2
1965,D4
1966,S1
1967,SMP
1968,S3
1969,SMP
1970,D3
1971,SMP
1972,S2
1973,D2
1974,D2
1975,D3
1976,SMP
1977,S2
1978,SD
1979,S3
1980,SMP
1981,SMP
1982,D1
1983,SMP
1984,S2
1985,SMP
1986,S3
1987,SD
1988,S1
1989,D3
1990,S2
1991,D1
1992,SMP
1993,S2
1994,S1
1995,SMP
1996,S2
1997,SD
1998,SMP
1999,SMP
2000,SMP
2001,SMA
2002,D3
2003,SD
2004,S2
2005,D4
2006,SMP
2007,D2
2008,SMP
2009,S3
2010,SMP
2011,D2
2012,S2
2013,SMP
2014,S3
2015,SD
2016,D2
2017,D1
2018,S3
2019,D2
2020,SMP
2021,D3
2022,D3
2023,D1
2024,SD
2025,D2
2026,SMP
2027,SMP
2028,D4
2029,D1
2030,SMP
2031,SMP
2032,D2
2033,SD
2034,D1
2035,SMP
2036,S3
2037,D4
2038,SD
2039,S1
2040,S1
2041,SMP
2042,D3
2043,SD
2044,S3
2045,SMP
2046,S1
2047,D1
2048,D1
2049,SMP
2050,S1
2051,D1
2052,S1
2053,S2
2054,SMP
2055,S3
2056,D1
2057,D2
2058,SMP
2059,S1
2060,S1
2061,SMP
2062,S2
2063,SMP
2064,SMP
2065,S2
2066,SMP
2067,D1
2068,SMP
2069,D4
2070,D2
2071,S1
2072,SD
2073,SMP
2074,S3
2075,S3
2076,D2
2077,D1
2078,D1
2079,SMP
2080,S1
2081,SMP
2082,SMP
2083,D3
2084,SMP
2085,SMP
2086,D1
2087,S1
2088,S3
2089,SD
2090,SMP
2091,S1
2092,SMP
2093,D1
2094,SMP
2095,S2
2096,S3
2097,SMA
2098,SMA
2099,SD
2100,SMP
2101,D3
2102,SMP
2103,SMP
2104,S1
2105,D2
2106,SMP
2107,D3
2108,SD
2109,SMP
2110,SD
2111,SMP
2112,SD
2113,D1
2114,SMP
2115,SMP
2116,SMP
2117,SD
2118,S1
2119,D4
2120,D1
2121,SMA
2122,S3
2123,D2
2124,SMP
2125,S1
2126,S1
2127,D3
2128,SMP
2129,D1
2130,D3
2131,SMP
2132,D2
2133,SMP
2134,D2
2135,D3
2136,S2
2137,D3
2138,S1
2139,SMP
2140,SMP
2141,SMP
2142,D3
2143,S1
2144,D1
2145,SMP
2146,SD
2147,SD
2148,D1
2149,S1
2150,D2
2151,D4
2152,D3
2153,S2
2154,S3
2155,SMP
2156,S1
2157,D4
2158,SMP
2159,S2
2160,SMP
2161,SMP
2162,SMP
2163,SMP
2164,D2
2165,SD
2166,SMP
2167,SMA
2168,D1
2169,D3
2170,D4
2171,SMP
2172,SMP
2173,SMP
2174,D2
2175,SMP
2176,D3
2177,S2
2178,D4
2179,SD
2180,S2
2181,S1
2182,D3
2183,SMP
2184,SMP
2185,SMA
2186,S2
2187,D4
2188,SMP
2189,S3
2190,S3
2191,SMP
2192,SMP
2193,SMP
2194,S3
2195,SMP
2196,S1
2197,SMP
2198,SMP
2199,SMP
2200,SD
2201,D2
2202,SMA
2203,SMP
2204,SMP
2205,S1
2206,SMP
2207,SMP
2208,SMP
2209,SD
2210,SMP
2211,SMP
2212,SD
2213,SMP
2214,SMA
2215,S2
2216,SMP
2217,SMP
2218,SMP
2219,D2
2220,SMP
2221,D3
2222,SD
2223,SMP
2224,D3
2225,SMA
2226,D4
2227,SMP
2228,SMP
2229,D4
2230,SMA
2231,SMP
2232,SD
2233,S1
2234,SD
2235,D2
2236,SMP
2237,SMA
2238,SMP
2239,SMP
2240,S2
2241,SMA
2242,SMP
2243,D2
2244,SMA
2245,D2
2246,S2
2247,SMP
2248,SMP
2249,D3
2250,S1
2251,D4
2252,SMP
2253,S3
2254,SMP
2255,D3
2256,S2
2257,D4
2258,S3
2259,S2
2260,D1
2261,D4
2262,SD
2263,S3
2264,D1
2265,D4
2266,D4
2267,D1
2268,SMA
2269,SMP
2270,SMP
2271,S2
2272,D4
2273,D2
2274,D4
2275,SMP
2276,S1
2277,D3
2278,D4
2279,SMP
2280,SMP
2281,SD
2282,D3
2283,SMP
2284,S3
2285,D1
2286,SMP
2287,D3
2288,SMP
2289,D1
2290,D3
2291,SD
2292,S2
2293,D3
2294,S3
2295,SMP
2296,SMP
2297,SMP
2298,SD
2299,S1
2300,D2
2301,SMP
2302,SMP
2303,SMP
2304,SMP
2305,SMP
2306,D3
2307,D1
2308,SMP
2309,D4
2310,S3
2311,D3
2312,S3
2313,S2
2314,SMP
2315,SMP
2316,D1
2317,D3
2318,D3
2319,SMP
2320,SMP
2321,S1
2322,SMP
2323,SMP
2324,SMP
2325,D3
2326,S3
2327,D1
2328,S2
2329,SMA
2330,D3
2331,SMP
2332,SMA
2333,D4
2334,D2
2335,SMA
2336,D3
2337,D3
2338,SMP
2339,SMA
2340,SD
2341,SD
2342,D1
2343,S3
2344,SD
2345,D4
2346,D3
2347,D4
2348,SMP
2349,D3
2350,D4
2351,D3
2352,SMP
2353,D2
2354,SMP
2355,D1
2356,S3
2357,S3
2358,D4
2359,D1
2360,D4
2361,S3
2362,D3
2363,S2
2364,D2
2365,SMP
2366,D2
2367,SMA
2368,S3
2369,D1
2370,D3
2371,D1
2372,S3
2373,SMP
2374,SMP
2375,SMP
2376,S1
2377,S2
2378,SMA
2379,D4
2380,SMP
2381,D4
2382,D2
2383,D4
2384,S1
2385,D1
2386,SMP
2387,S1
2388,D3
2389,SMP
2390,S1
2391,S1
2392,S2
2393,SMP
2394,SMA
2395,SMP
2396,D3
2397,S1
2398,S1
2399,D2
2400,S1
2401,D4
2402,D4
2403,S1
2404,D1
2405,S3
2406,SMP
2407,SMP
2408,SMA
2409,S3
2410,SMP
2411,SMA
2412,SMP
2413,SMA
2414,D1
2415,D2
2416,D1
2417,SD
2418,D4
2419,D2
2420,S3
2421,S2
2422,SMP
2423,S3
2424,SMA
2425,S1
2426,S2
2427,SMP
2428,S2
2429,S2
2430,SMP
2431,D1
2432,D1
2433,SMA
2434,D1
2435,SD
2436,D3
2437,D2
2438,SMP
2439,D4
2440,D2
2441,S3
2442,SMP
2443,SMA
2444,S2
2445,SMA
2446,S1
2447,SD
2448,SMP
2449,S2
2450,SD
2451,S1
2452,S1
2453,SMA
2454,SD
2455,D1
2456,SD
2457,SMP
2458,S1
2459,SD
2460,D4
2461,SMA
2462,D4
2463,D1
2464,S2
2465,D2
2466,D3
2467,SMP
2468,D2
2469,SMA
2470,D3
2471,D1
2472,SMA
2473,SD
2474,SMP
2475,SMP
2476,S1
2477,SMP
2478,D1
2479,D1
2480,D4
2481,SMP
2482,S2
2483,SD
2484,S1
2485,S3
2486,SMP
2487,D4
2488,S1
2489,SMP
2490,SMP
2491,SMP
2492,D4
2493,S1
2494,SMP
2495,D2
2496,S3
2497,D1
2498,S1
2499,SMP
2500,SMP
2501,S2
2502,SMP
2503,D1
2504,SMP
2505,SMA
2506,SMP
2507,SMP
2508,SMA
2509,SMA
2510,SMA
2511,SMP
2512,D3
2513,D4
2514,SMA
2515,D1
2516,S2
2517,S1
2518,S1
2519,SMP
2520,D2
2521,SD
2522,SMA
2523,D2
2524,D3
2525,S1
2526,S2
2527,SD
2528,S2
2529,D2
2530,D4
2531,SMP
2532,SMA
2533,S3
2534,S1
2535,SMP
2536,D1
2537,SMP
2538,SMP
2539,D4
2540,SMA
2541,SD
2542,D4
2543,SMA
2544,S2
2545,SMP
2546,D4
2547,SMP
2548,S3
2549,D1
2550,D3
2551,SMP
2552,D1
2553,SMA
2554,S2
2555,SD
2556,SMA
2557,S1
2558,SMP
2559,D1
2560,D2
2561,SMP
2562,S1
2563,SMP
2564,S2
2565,SMP
2566,SMP
2567,SMP
2568,D1
2569,SD
2570,D3
2571,D2
2572,D4
2573,SMP
2574,SMP
2575,D1
2576,D3
2577,SMP
2578,S1
2579,SMP
2580,SMP
2581,SMP
2582,S1
2583,SMP
2584,SMP
2585,D4
2586,S3
2587,SMP
2588,SMA
2589,SMA
2590,S2
2591,SD
2592,S1
2593,SMP
2594,S1
2595,SMP
2596,D4
2597,D4
2598,SMP
2599,D4
2600,SMA
2601,S1
2602,D4
2603,D4
2604,SMP
2605,S3
2606,SMP
2607,D3
2608,S3
2609,SMA
2610,SMP
2611,S1
2612,D4
2613,SMA
2614,S1
2615,S3
2616,SMP
2617,SMA
2618,SMP
2619,S3
2620,S2
2621,D4
2622,D3
2623,SMP
2624,S3
2625,S2
2626,S3
2627,D2
2628,SMP
2629,S1
2630,D2
2631,D2
2632,D3
2633,SMA
2634,S1
2635,SMP
2636,D3
2637,SMA
2638,D2
2639,S3
2640,SMA
2641,SMP
2642,D2
2643,SMP
2644,S1
2645,S1
2646,S1
2647,SMP
2648,D1
2649,D1
2650,S1
2651,SMA
2652,SMA
2653,SMP
2654,D3
2655,SMP
2656,SD
2657,S2
2658,SMP
2659,D4
2660,S1
2661,D4
2662,SMP
2663,D2
2664,D2
2665,SD
2666,D3
2667,S2
2668,D3
2669,SMP
2670,SMP
2671,SMP
2672,SMP
2673,SMP
2674,D4
2675,SD
2676,SMP
2677,D2
2678,SMP
2679,S3
2680,S1
2681,D2
2682,SD
2683,D4
2684,SMP
2685,SMP
2686,SD
2687,SMP
2688,S1
2689,S3
2690,SMP
2691,SMA
2692,SMP
2693,S1
2694,S3
2695,S1
2696,D4
2697,D3
2698,D1
2699,D3
2700,D2
2701,S2
2702,S3
2703,D3
2704,SMP
2705,S3
2706,SD
2707,D3
2708,D4
2709,SMA
2710,D1
2711,D3
2712,D4
2713,SMP
2714,D1
2715,SD
2716,D1
2717,SMA
2718,SMP
2719,S2
2720,SD
2721,D3
2722,SMA
2723,S3
2724,SMP
2725,D2
2726,SMP
2727,SMA
2728,SMA
2729,SMP
2730,SMP
2731,SMP
2732,D4
2733,D4
2734,S1
2735,SMP
2736,D4
2737,S1
2738,SMP
2739,S3
2740,SMP
2741,D2
2742,S2
2743,D3
2744,S2
2745,D3
2746,SMA
2747,SMP
2748,D2
2749,D4
2750,SMP
2751,SMA
2752,SMA
2753,SMP
2754,SMP
2755,SMP
2756,SD
2757,SMP
2758,S2
2759,SMP
2760,D2
2761,SMA
2762,D1
2763,SD
2764,S1
2765,D3
2766,D2
2767,SMP
2768,S1
2769,SMP
2770,D3
2771,S3
2772,S2
2773,D4
2774,SMA
2775,D1
2776,SMP
2777,S2
2778,SMP
2779,SMP
2780,D3
2781,D3
2782,D2
2783,SD
2784,S3
2785,SMP
2786,SMA
2787,S2
2788,SMP
2789,D1
2790,SMP
2791,SMP
2792,SMP
2793,S3
2794,SMP
2795,SMP
2796,D4
2797,SD
2798,SMP
2799,D3
2800,SMP
2801,SMP
2802,SMP
2803,D4
2804,SD
2805,S2
2806,S1
2807,S1
2808,S3
2809,D3
2810,D3
2811,S1
2812,SMP
2813,SMP
2814,SMP
2815,D2
2816,D4
2817,SMA
2818,S1
2819,SMP
2820,S2
2821,D3
2822,D4
2823,D2
2824,SMP
2825,D4
2826,SMP
2827,S1
2828,SMA
2829,D4
2830,D4
2831,S1
2832,S3
2833,SD
2834,D3
2835,D3
2836,S1
2837,D2
2838,SMP
2839,SMP
2840,SMP
2841,SMA
2842,S3
2843,SMA
2844,SD
2845,D1
2846,SD
2847,D1
2848,D1
2849,SMP
2850,S2
2851,SD
2852,S2
2853,D2
2854,SMP
2855,SMP
2856,D4
2857,SMA
2858,SMP
2859,SMP
2860,D3
2861,S1
2862,D2
2863,SMP
2864,D1
2865,SMP
2866,D3
2867,S3
2868,SMA
2869,S1
2870,S1
2871,D1
2872,S3
2873,S1
2874,D1
2875,D2
2876,SMP
2877,D2
2878,S2
2879,SMP
2880,SMP
2881,S2
2882,SMP
2883,SMP
2884,SMP
2885,D1
2886,SD
2887,S2
2888,S1
2889,D1
2890,D3
2891,D3
2892,S2
2893,D1
2894,SD
2895,SMA
2896,SMP
2897,S1
2898,S3
2899,SD
2900,SMA
2901,SMP
2902,S2
2903,SMA
2904,SMP
2905,S2
2906,SMP
2907,D1
2908,SMP
2909,SMP
2910,SMP
2911,SMP
2912,S2
2913,SMP
2914,SMP
2915,D2
2916,S3
2917,SMP
2918,D4
2919,D2
2920,D2
2921,D3
2922,SMA
2923,S3
2924,D2
2925,S3
2926,D4
2927,D2
2928,D4
2929,D3
2930,SMP
2931,SMP
2932,S2
2933,S3
2934,SMP
2935,S1
2936,S3
2937,D4
2938,SMP
2939,SD
2940,SD
2941,SMP
2942,SMA
2943,SMP
2944,SMP
2945,S2
2946,D2
2947,D2
2948,SMP
2949,SMP
2950,D1
2951,SMA
2952,S2
2953,D3
2954,S1
2955,SMP
2956,SD
2957,S3
2958,SMP
2959,D4
2960,D1
2961,SMP
2962,D4
2963,SMA
2964,S1
2965,S3
2966,SMP
2967,S1
2968,D3
2969,SMP
2970,D2
2971,SD
2972,SMP
2973,D2
2974,SMP
2975,SMP
2976,D1
2977,SMP
2978,SD
2979,S1
2980,D1
2981,SD
2982,S2
2983,S1
2984,S2
2985,SMA
2986,S1
2987,S1
2988,S2
2989,SMP
2990,D1
2991,SMP
2992,S3
2993,D1
2994,D2
2995,SMP
2996,SMA
2997,SMP
2998,D2
2999,SD
3000,SMA
3001,S3
3002,D2
3003,S3
3004,SMP
3005,S3
3006,SMP
3007,D3
3008,S3
3009,D1
3010,D2
3011,S1
3012,D2
3013,SMP
3014,SMP
3015,D1
3016,S1
3017,D4
3018,SMA
3019,SMA
3020,D2
3021,SMP
3022,SMP
3023,SD
3024,SMP
3025,D4
3026,S1
3027,SD
3028,SMA
3029,D2
3030,SMA
3031,D3
3032,S1
3033,D1
3034,D3
3035,D4
3036,D4
3037,S1
3038,D4
3039,SMP
3040,S3
3041,SMP
3042,SMP
3043,SMP
3044,D2
3045,S1
3046,SMA
3047,D1
3048,SD
3049,S1
3050,SMP
3051,SMP
3052,SMP
3053,SD
3054,SD
3055,D1
3056,D1
3057,D3
3058,SMP
3059,D4
3060,D2
3061,S1
3062,SMA
3063,SMP
3064,SMP
3065,S2
3066,SMP
3067,S2
3068,D2
3069,SMP
3070,SMA
3071,SMP
3072,S3
3073,SMP
3074,D2
3075,SMP
3076,D4
3077,S2
3078,SD
3079,D4
3080,SMP
3081,S2
3082,D1
3083,S3
3084,SD
3085,D1
3086,D4
3087,D3
3088,D2
3089,SMP
3090,S1
3091,S1
3092,SMA
3093,D3
3094,SD
3095,SMP
3096,D4
3097,SMA
3098,SMP
3099,SMP
3100,D3
3101,D3
3102,D1
3103,SD
3104,SMP
3105,S1
3106,S2
3107,D2
3108,D2
3109,S2
3110,D1
3111,D1
3112,SD
3113,SMP
3114,SMP
3115,SMP
3116,S3
3117,D3
3118,D2
3119,D4
3120,S1
3121,D1
3122,D2
3123,D4
3124,D1
3125,D1
3126,D2
3127,D3
3128,S1
3129,D2
3130,SMP
3131,D3
3132,SD
3133,SMP
3134,SMA
3135,SMP
3136,SMP
3137,D2
3138,S2
3139,S2
3140,D4
3141,SMA
3142,SMP
3143,S3
3144,D4
3145,SMP
3146,SD
3147,SMP
3148,D2
3149,D1
3150,S2
3151,SMP
3152,SMP
3153,S2
3154,SMP
3155,SMA
3156,D4
3157,D3
3158,S3
3159,SMP
3160,D4
3161,SMP
3162,S2
3163,SMP
3164,SMP
3165,D2
3166,SD
3167,SD
3168,SMP
3169,S2
3170,SMP
3171,SMP
3172,SMP
3173,D4
3174,D4
3175,SMA
3176,D3
3177,S1
3178,SD
3179,D4
3180,SMP
3181,SMP
3182,SMP
3183,D3
3184,SMP
3185,S3
3186,D1
3187,D4
3188,D4
3189,S2
3190,S3
3191,SMP
3192,SD
3193,D2
3194,SMP
3195,D3
3196,D2
3197,D2
3198,D3
3199,SMP
3200,D4
3201,S3
3202,D2
3203,D1
3204,S2
3205,SMP
3206,D1
3207,SMP
3208,D3
3209,SD
3210,SMA
3211,S1
3212,S3
3213,SMP
3214,SMP
3215,SMP
3216,SMP
3217,S2
3218,SMP
3219,D1
3220,S1
3221,S2
3222,D3
3223,SD
3224,D4
3225,SMP
3226,SMP
3227,SMP
3228,D3
3229,D4
3230,SD
3231,S3
3232,S2
3233,SMP
3234,D1
3235,S2
3236,SMP
3237,S2
3238,D1
3239,SMP
3240,SMP
3241,D4
3242,SMP
3243,SD
3244,S2
3245,D4
3246,S3
3247,SMP
3248,S2
3249,D1
3250,S3
3251,SMP
3252,S1
3253,SMP
3254,D2
3255,S3
3256,D2
3257,D4
3258,D3
3259,S2
3260,D3
3261,S3
3262,SMP
3263,SMP
3264,D4
3265,S3
3266,SMP
3267,SMP
3268,SMA
3269,D4
3270,D2
3271,S1
3272,D2
3273,SMP
3274,S1
3275,SMP
3276,D3
3277,SMP
3278,SMP
3279,SMP
3280,S1
3281,SD
3282,S1
3283,SMP
3284,D2
3285,SMP
3286,SMP
3287,S1
3288,D3
3289,S2
3290,S1
3291,D3
3292,D3
3293,SMP
3294,S3
3295,SMA
3296,SD
3297,D4
3298,S3
3299,S2
3300,SD
3301,S3
3302,S2
3303,D2
3304,S1
3305,SMP
3306,D1
3307,SMA
3308,SMP
3309,S1
3310,SMP
3311,S2
3312,D4
3313,SMA
3314,SMP
3315,S3
3316,S3
3317,SMP
3318,SD
3319,D2
3320,SD
3321,D2
3322,D4
3323,D2
3324,SMP
3325,SMP
3326,SD
3327,S1
3328,S3
3329,SMP
3330,D1
3331,D3
3332,D1
3333,D2
3334,SMP
3335,S3
3336,SMP
3337,SMP
3338,SMA
3339,S1
3340,S3
3341,D1
3342,D4
3343,D4
3344,SMP
3345,SMP
3346,SMP
3347,D4
3348,D3
3349,SMA
3350,SMP
3351,D3
3352,SMP
3353,S1
3354,D4
3355,D2
3356,S2
3357,D3
3358,S2
3359,SMP
3360,S1
3361,SMA
3362,D3
3363,SD
3364,D1
3365,S1
3366,S2
3367,SMP
3368,D4
3369,D2
3370,D3
3371,SD
3372,SMA
3373,S1
3374,SD
3375,D4
3376,SMA
3377,D3
3378,SMP
3379,SMP
3380,D1
3381,D3
3382,D1
3383,S2
3384,D3
3385,S2
3386,S2
3387,SMP
3388,D3
3389,SMP
3390,SMP
3391,S3
3392,D3
3393,S2
3394,S1
3395,S1
3396,S2
3397,SMP
3398,D1
3399,S2
3400,SMA
3401,D4
3402,SMP
3403,S3
3404,S2
3405,SMP
3406,S1
3407,S3
3408,SMP
3409,SD
3410,S2
3411,D3
3412,S1
3413,SMP
3414,SMA
3415,D4
3416,D2
3417,SMP
3418,SMP
3419,SMP
3420,SMA
3421,D1
3422,D1
3423,SMP
3424,D2
3425,D4
3426,SD
3427,SMP
3428,S2
3429,SMP
3430,SMA
3431,S2
3432,S2
3433,S1
3434,D4
3435,SMA
3436,D4
3437,D4
3438,SMA
3439,SD
3440,D1
3441,D2
3442,D3
3443,S1
3444,SMA
3445,S3
3446,SMP
3447,D2
3448,S1
3449,SMP
3450,D3
3451,SMA
3452,D3
3453,S2
3454,SMA
3455,S3
3456,SD
3457,S1
3458,SMA
3459,SD
3460,D2
3461,SD
3462,S1
3463,D3
3464,SMP
3465,D4
3466,D3
3467,SMA
3468,D2
3469,D1
3470,S2
3471,SMP
3472,D3
3473,SMP
3474,D4
3475,SMP
3476,SMP
3477,S1
3478,S2
3479,S2
3480,D1
3481,SMP
3482,D2
3483,D2
3484,S2
3485,SMP
3486,SMP
3487,SMP
3488,D3
3489,S1
3490,D1
3491,S2
3492,S3
3493,D1
3494,D2
3495,S3
3496,S2
3497,SMA
3498,S1
3499,S1
3500,D2
3501,SMA
3502,SMP
3503,D1
3504,S1
3505,S2
3506,D1
3507,D2
3508,SMP
3509,D4
3510,S3
3511,SMP
3512,D3
3513,SMP
3514,SMA
3515,D2
3516,SMP
3517,D2
3518,S3
3519,D4
3520,S3
3521,D2
3522,SMP
3523,SD
3524,S2
3525,SD
3526,SMP
3527,SMP
3528,S2
3529,D3
3530,D4
3531,S2
3532,D1
3533,S1
3534,D3
3535,D4
3536,SMP
3537,D2
3538,SMA
3539,S3
3540,SD
3541,SMP
3542,SMA
3543,SMP
3544,SD
3545,D3
3546,SMP
3547,D2
3548,D1
3549,D1
3550,S3
3551,S1
3552,D4
3553,SMP
3554,SMP
3555,S3
3556,SMP
3557,D1
3558,D2
3559,S1
3560,D3
3561,SMP
3562,D3
3563,SMP
3564,S1
3565,D3
3566,SMP
3567,D1
3568,D2
3569,D4
3570,SMP
3571,D2
3572,SMP
3573,S1
3574,S2
3575,D1
3576,S1
3577,SD
3578,SD
3579,S2
3580,D4
3581,S1
3582,D2
3583,D2
3584,SMP
3585,SD
3586,D4
3587,S3
3588,D1
3589,SMA
3590,SMP
3591,SMP
3592,SD
3593,SMP
3594,D3
3595,SD
3596,SMP
3597,D3
3598,SD
3599,SMP
3600,D4
3601,D3
3602,D4
3603,SD
3604,D4
3605,D3
3606,SMP
3607,SMA
3608,SD
3609,SMP
3610,SD
3611,S3
3612,SMP
3613,S1
3614,D4
3615,SMP
3616,S3
3617,S3
3618,SMP
3619,SMP
3620,S3
3621,SMP
3622,SMP
3623,SD
3624,SD
3625,S1
3626,S3
3627,D2
3628,S3
3629,SMP
3630,SMP
3631,D4
3632,SMP
3633,SMP
3634,D3
3635,SD
3636,S3
3637,SMA
3638,S2
3639,SMP
3640,SMP
3641,SMP
3642,SMP
3643,S2
3644,SMA
3645,S3
3646,SMP
3647,D1
3648,S1
3649,S1
3650,S2
3651,D4
3652,SMP
3653,SD
3654,D1
3655,SMA
3656,SMP
3657,S2
3658,SMP
3659,S3
3660,D3
3661,D2
3662,S3
3663,SMA
3664,D4
3665,SMA
3666,SD
3667,S3
3668,SD
3669,S2
3670,D1
3671,D4
3672,D2
3673,D1
3674,SD
3675,S1
3676,SMP
3677,D1
3678,SMP
3679,D4
3680,D2
3681,SD
3682,SMA
3683,SMP
3684,SMP
3685,S2
3686,SMP
3687,S2
3688,D3
3689,SD
3690,SMP
3691,D2
3692,S2
3693,S2
3694,D4
3695,D4
3696,SD
3697,S2
3698,SMA
3699,S1
3700,S3
3701,D4
3702,SMP
3703,SMP
3704,SMP
3705,SMP
3706,SD
3707,S3
3708,S2
3709,SD
3710,S1
3711,S1
3712,D3
3713,D2
3714,SMA
3715,SMP
3716,SMP
3717,D3
3718,SMA
3719,SMP
3720,S1
3721,D3
3722,S1
3723,S1
3724,SMP
3725,SD
3726,SD
3727,D3
3728,S1
3729,D4
3730,D2
3731,SD
3732,SMP
3733,D1
3734,D4
3735,S2
3736,D4
3737,S2
3738,SMP
3739,S1
3740,SMP
3741,D3
3742,SMP
3743,D4
3744,D2
3745,D2
3746,SD
3747,SD
3748,S1
3749,S1
3750,SMP
3751,SMP
3752,SMP
3753,SD
3754,SMP
3755,D1
3756,S1
3757,S2
3758,D3
3759,SMP
3760,S3
3761,SMP
3762,D2
3763,SMA
3764,S3
3765,D4
3766,S3
3767,D2
3768,S2
3769,D3
3770,SMP
3771,D1
3772,S2
3773,D2
3774,D4
3775,D2
3776,SMP
3777,SMA
3778,D3
3779,D2
3780,D2
3781,SMA
3782,S3
3783,SMP
3784,D3
3785,SMP
3786,SMP
3787,D3
3788,SMP
3789,SMA
3790,S1
3791,D3
3792,SMP
3793,D4
3794,S3
3795,SMP
3796,D4
3797,S2
3798,SMP
3799,S1
3800,D4
3801,S1
3802,D4
3803,S1
3804,SMA
3805,SMA
3806,SD
3807,S2
3808,D3
3809,D4
3810,D3
3811,SD
3812,SMP
3813,S1
3814,SMP
3815,SMP
3816,D4
3817,SMP
3818,S2
3819,SMP
3820,SMP
3821,SMP
3822,SMA
3823,D2
3824,SMA
3825,D2
3826,S1
3827,D4
3828,D1
3829,D1
3830,S3
3831,SMP
3832,SD
3833,S2
3834,SMP
3835,SD
3836,SMP
3837,S2
3838,S2
3839,S3
3840,D1
3841,S2
3842,SMP
3843,S1
3844,D3
3845,S1
3846,SMP
3847,D2
3848,D1
3849,D2
3850,SMA
3851,S1
3852,SMP
3853,S2
3854,S3
3855,SMA
3856,D3
3857,D1
3858,SMA
3859,SMP
3860,D1
3861,SMP
3862,SMP
3863,D1
3864,S2
3865,SMP
3866,D3
3867,S2
3868,S1
3869,D1
3870,SMP
3871,SMP
3872,S3
3873,SMP
3874,SMP
3875,S3
3876,S2
3877,SMP
3878,S3
3879,D1
3880,D4
3881,SMP
3882,SD
3883,SMP
3884,SMP
3885,S3
3886,S3
3887,D1
3888,SMA
3889,D2
3890,SMP
3891,SMP
3892,SMP
3893,S1
3894,SMP
3895,SMP
3896,SMP
3897,D4
3898,SMP
3899,SMP
3900,SMP
3901,S2
3902,D2
3903,S2
3904,SMP
3905,SMA
3906,D4
3907,SMP
3908,D1
3909,SMP
3910,S3
3911,D1
3912,D2
3913,SMA
3914,SMP
3915,D1
3916,S2
3917,S2
3918,S1
3919,SD
3920,D3
3921,S2
3922,D2
3923,S3
3924,D3
3925,S1
3926,D3
3927,SD
3928,D4
3929,S3
3930,D3
3931,D3
3932,S3
3933,S1
3934,D2
3935,SMA
3936,S1
3937,S1
3938,D1
3939,D4
3940,S3
3941,S3
3942,SMP
3943,D1
3944,D2
3945,D4
3946,SMP
3947,D3
3948,SMA
3949,SMP
3950,SD
3951,SMP
3952,S3
3953,D4
3954,S2
3955,D4
3956,D4
3957,SMA
3958,S2
3959,SMP
3960,D2
3961,SMP
3962,SMP
3963,S1
3964,D4
3965,SMP
3966,S3
3967,SMP
3968,S2
3969,SMP
3970,SMP
3971,SMA
3972,S2
3973,D1
3974,SMP
3975,S1
3976,S2
3977,SMP
3978,S2
3979,S1
3980,S1
3981,SMA
3982,SMA
3983,SMA
3984,SMP
3985,S2
3986,SMP
3987,D3
3988,SMP
3989,D2
3990,S1
3991,SMP
3992,D3
3993,D4
3994,D4
3995,D4
3996,SMP
3997,SD
3998,SMA
3999,S2
4000,S1
4001,SMP
4002,SD
4003,D1
4004,S2
4005,SMP
4006,SMP
4007,SMA
4008,D1
4009,D1
4010,S2
4011,SMP
4012,SMA
4013,SD
4014,SD
4015,SMA
4016,D3
4017,SMP
4018,SD
4019,D2
4020,D1
4021,D2
4022,D1
4023,SMP
4024,S2
4025,S1
4026,D2
4027,S1
4028,SMP
4029,SMP
4030,S2
4031,D3
4032,D4
4033,D2
4034,SD
4035,SMP
4036,S1
4037,SMP
4038,S2
4039,SMP
4040,SMP
4041,D3
4042,SD
4043,S2
4044,D3
4045,D2
4046,D3
4047,S1
4048,D2
4049,S3
4050,D3
4051,S1
4052,D4
4053,SMP
4054,D2
4055,D2
4056,SMP
4057,SD
4058,SMP
4059,SMP
4060,D3
4061,D2
4062,D2
4063,SMP
4064,D3
4065,D1
4066,S3
4067,D1
4068,SMP
4069,SD
4070,D4
4071,S2
4072,SMP
4073,D2
4074,S3
4075,D1
4076,D1
4077,SMP
4078,D3
4079,S1
4080,SMP
4081,SD
4082,SMP
4083,SMA
4084,D3
4085,SMP
4086,SMP
4087,SMP
4088,S2
4089,D1
4090,D2
4091,S1
4092,SMA
4093,D1
4094,D1
4095,S2
4096,S3
4097,S1
4098,S2
4099,S3
4100,S3
4101,D3
4102,S1
4103,D4
4104,S1
4105,D4
4106,S3
4107,D1
4108,S3
4109,D1
4110,SMP
4111,D1
4112,SMA
4113,S1
4114,SMP
4115,SMP
4116,SMA
4117,S1
4118,SMP
4119,D1
4120,D1
4121,D3
4122,SMP
4123,SMP
4124,SD
4125,SMP
4126,D4
4127,S3
4128,SD
4129,D2
4130,S3
4131,SMP
4132,SMP
4133,SD
4134,S3
4135,S3
4136,SMP
4137,SMA
4138,SMA
4139,SMP
4140,SMP
4141,SMP
4142,SMP
4143,D2
4144,SMP
4145,S1
4146,S1
4147,SMP
4148,D4
4149,D4
4150,S3
4151,SMP
4152,D1
4153,D2
4154,D1
4155,D2
4156,SMA
4157,SD
4158,SMA
4159,SMP
4160,S2
4161,SMP
4162,SD
4163,SMP
4164,SMP
4165,D1
4166,S1
4167,D3
4168,SMP
4169,SMA
4170,SMP
4171,SMP
4172,D1
4173,SD
4174,SMP
4175,D4
4176,SMA
4177,SD
4178,D2
4179,D3
4180,S2
4181,D1
4182,SMP
4183,SMA
4184,S3
4185,S3
4186,S2
4187,SD
4188,SD
4189,D3
4190,D3
4191,S1
4192,SMP
4193,SMP
4194,SMP
4195,SMP
4196,SMP
4197,SMA
4198,SMP
4199,SMP
4200,SMP
4201,SMP
4202,SMA
4203,D4
4204,S1
4205,S1
4206,S3
4207,SMP
4208,D1
4209,S3
4210,SMP
4211,D4
4212,SD
4213,S2
4214,D2
4215,S2
4216,SMP
4217,S1
4218,S2
4219,S2
4220,D4
4221,SD
4222,SMA
4223,SMP
4224,S1
4225,SMA
4226,S2
4227,SMA
4228,D1
4229,SMP
4230,S3
4231,SMA
4232,S2
4233,S3
4234,SD
4235,S2
4236,D3
4237,SD
4238,SD
4239,D3
4240,S2
4241,S1
4242,D3
4243,SMP
4244,SMP
4245,S1
4246,SMP
4247,D4
4248,SMP
4249,SMA
4250,S1
4251,S3
4252,D3
4253,D4
4254,D1
4255,D2
4256,SMP
4257,SMP
4258,SMP
4259,SMP
4260,SMP
4261,D3
4262,SMP
4263,D3
4264,S2
4265,SMP
4266,SMP
4267,S2
4268,S3
4269,D2
4270,S1
4271,S1
4272,D3
4273,SD
4274,S2
4275,D4
4276,D4
4277,SMP
4278,D2
4279,SD
4280,SD
4281,S1
4282,SMP
4283,D4
4284,SMP
4285,SMA
4286,D3
4287,D3
4288,SD
4289,SMP
4290,S3
4291,D3
4292,D2
4293,D1
4294,S1
4295,S3
4296,S1
4297,D4
4298,S1
4299,SMP
4300,S3
4301,SMP
4302,S2
4303,SMP
4304,D2
4305,S2
4306,SMP
4307,SMP
4308,SMP
4309,D4
4310,S2
4311,S3
4312,D2
4313,SMP
4314,SD
4315,D3
4316,SMA
4317,SMP
4318,D3
4319,S2
4320,S3
4321,S3
4322,SMP
4323,SD
4324,D4
4325,SMP
4326,D1
4327,S3
4328,D4
4329,D3
4330,S3
4331,SMP
4332,SMP
4333,D3
4334,SD
4335,SD
4336,SMP
4337,SMP
4338,D3
4339,D4
4340,SMP
4341,D4
4342,SMP
4343,SMP
4344,SMP
4345,S3
4346,S2
4347,SD
4348,D1
4349,SMP
4350,D1
4351,S2
4352,SMP
4353,SMA
4354,S2
4355,S1
4356,SMP
4357,SMP
4358,SMP
4359,S3
4360,SD
4361,D4
4362,SMP
4363,S2
4364,SMP
4365,S1
4366,SMA
4367,SMP
4368,SD
4369,SD
4370,D1
4371,SD
4372,D4
4373,S3
4374,SMA
4375,D3
4376,SMP
4377,S2
4378,SMP
4379,SMP
4380,S1
4381,D4
4382,D4
4383,S2
4384,SMA
4385,SD
4386,SD
4387,SMA
4388,S1
4389,SMP
4390,D2
4391,SMP
4392,D4
4393,D1
4394,S3
4395,SMP
4396,SMP
4397,S2
4398,SD
4399,D2
4400,D1
4401,SMP
4402,SMP
4403,S2
4404,SD
4405,D2
4406,D1
4407,SMP
4408,S1
4409,SD
4410,D4
4411,D4
4412,SMP
4413,S3
4414,D3
4415,SD
4416,SMA
4417,D4
4418,SMP
4419,D3
4420,SMP
4421,D2
4422,D4
4423,S1
4424,S2
4425,SMA
4426,S1
4427,D1
4428,SMP
4429,S1
4430,D3
4431,SMP
4432,SD
4433,SMP
4434,SMP
4435,S3
4436,S1
4437,D2
4438,D4
4439,SMA
4440,SMP
4441,SD
4442,S3
4443,SMP
4444,S2
4445,D4
4446,D3
4447,D4
4448,SMP
4449,SMA
4450,SMA
4451,SMP
4452,S1
4453,S2
4454,D3
4455,SMA
4456,SD
4457,S2
4458,SMA
4459,SMP
4460,S3
4461,D3
4462,SMP
4463,D2
4464,S1
4465,D1
4466,D4
4467,SMP
4468,SMA
4469,S2
4470,D3
4471,SMP
4472,S1
4473,S3
4474,D1
4475,D2
4476,SMP
4477,S1
4478,SMP
4479,SMP
4480,S2
4481,SMP
4482,D2
4483,S3
4484,D1
4485,SMP
4486,SMP
4487,S3
4488,SMP
4489,SMA
4490,SMP
4491,D2
4492,SMA
4493,SMA
4494,SMA
4495,SD
4496,D3
4497,S1
4498,S2
4499,SMP
4500,SMA
4501,SMA
4502,D3
4503,SD
4504,SMP
4505,D3
4506,SMP
4507,D3
4508,SMP
4509,S2
4510,SMP
4511,SMP
4512,D2
4513,S3
4514,S2
4515,SMP
4516,S2
4517,S3
4518,D1
4519,SMP
4520,D1
4521,D2
4522,D2
4523,SMP
4524,SMP
4525,SMP
4526,S1
4527,SD
4528,S2
4529,SMP
4530,SMP
4531,SMP
4532,S2
4533,SD
4534,S2
4535,SMP
4536,S1
4537,SMP
4538,S2
4539,S2
4540,SMP
4541,SMP
4542,SMP
4543,SMP
4544,D1
4545,SMP
4546,SD
4547,S2
4548,S1
4549,D4
4550,SMP
4551,SMP
4552,D3
4553,D1
4554,SMP
4555,D4
4556,S2
4557,D2
4558,SMP
4559,D4
4560,SMP
4561,D1
4562,SMP
4563,SMA
4564,SMP
4565,D1
4566,D3
4567,D1
4568,S2
4569,SMP
4570,SD
4571,SMP
4572,SD
4573,S1
4574,SMP
4575,SMA
4576,S3
4577,D3
4578,SMP
4579,SMP
4580,SMP
4581,D4
4582,SMA
4583,S3
4584,SMP
4585,SMP
4586,S2
4587,D2
4588,SMP
4589,D3
4590,SD
4591,D1
4592,D2
4593,D2
4594,D1
4595,SD
4596,SMP
4597,SMA
4598,SMP
4599,SMP
4600,SMP
4601,SMA
4602,D1
4603,SMP
4604,D2
4605,SMA
4606,S1
4607,D4
4608,S3
4609,D4
4610,D1
4611,S1
4612,D3
4613,SD
4614,S3
4615,D4
4616,SD
4617,S2
4618,SMP
4619,D2
4620,SMP
4621,D4
4622,SMP
4623,S1
4624,S2
4625,D4
4626,SMA
4627,SMP
4628,D4
4629,SMP
4630,S3
4631,S1
4632,SD
4633,S3
4634,SMP
4635,S3
4636,SMA
4637,SMP
4638,SMP
4639,S3
4640,S2
4641,S3
4642,SMP
4643,SMP
4644,D2
4645,S1
4646,S2
4647,D1
4648,S1
4649,SMP
4650,D4
4651,S1
4652,S1
4653,SMP
4654,SMP
4655,SD
4656,S2
4657,SMP
4658,S2
4659,SMP
4660,S1
4661,SMP
4662,SMP
4663,SMP
4664,SD
4665,SMA
4666,SMA
4667,D2
4668,D4
4669,D4
4670,SD
4671,D3
4672,D3
4673,D4
4674,SMP
4675,S1
4676,D1
4677,D1
4678,D1
4679,S1
4680,SMP
4681,SMP
4682,D4
4683,D2
4684,S2
4685,SMP
4686,SMA
4687,SMP
4688,SD
4689,SMP
4690,D3
4691,S2
4692,S3
4693,D2
4694,SMP
4695,S1
4696,D2
4697,S3
4698,S1
4699,SMP
4700,S2
4701,SMP
4702,D4
4703,SMA
4704,SMA
4705,SMP
4706,D2
4707,S3
4708,D2
4709,SD
4710,S3
4711,S1
4712,S2
4713,SD
4714,SMP
4715,SMP
4716,S1
4717,SMP
4718,SMP
4719,SMP
4720,D1
4721,D2
4722,SMP
4723,SD
4724,S2
4725,D2
4726,SMP
4727,S2
4728,D3
4729,S3
4730,SMA
4731,SMP
4732,S2
4733,S3
4734,SD
4735,SMP
4736,S3
4737,SMP
4738,SMP
4739,D3
4740,SMP
4741,D3
4742,S2
4743,D4
4744,S2
4745,S1
4746,D3
4747,SD
4748,SMP
4749,D2
4750,S2
4751,D4
4752,SMP
4753,SD
4754,SMP
4755,D2
4756,SMP
4757,S1
4758,D1
4759,SD
4760,SMP
4761,S3
4762,D2
4763,SMP
4764,D4
4765,D4
4766,S3
4767,D2
4768,D3
4769,SMP
4770,S2
4771,D3
4772,S2
4773,D4
4774,SMP
4775,SD
4776,S3
4777,S1
4778,SD
4779,SD
4780,D2
4781,SMP
4782,S3
4783,S3
4784,D2
4785,SD
4786,S1
4787,D1
4788,SMA
4789,D2
4790,D3
4791,S1
4792,D3
4793,SMA
4794,D4
4795,SMP
4796,D1
4797,S1
4798,SMP
4799,SD
4800,D4
4801,D2
4802,SMA
4803,S1
4804,S1
4805,D4
4806,SMP
4807,D4
4808,S3
4809,SMP
4810,D2
4811,S3
4812,SMP
4813,S2
4814,SMP
4815,S1
4816,SMA
4817,S3
4818,S3
4819,D4
4820,D4
4821,S2
4822,SMP
4823,S1
4824,SMP
4825,SMP
4826,SMP
4827,D4
4828,SMP
4829,S1
4830,S1
4831,SMA
4832,SMP
4833,SD
4834,SMA
4835,SD
4836,S3
4837,D1
4838,D3
4839,D2
4840,D1
4841,S1
4842,S3
4843,SMP
4844,D2
4845,D2
4846,D4
4847,D1
4848,SMP
4849,SMP
4850,SMP
4851,D2
4852,SMA
4853,SD
4854,D2
4855,D1
4856,SMA
4857,S2
4858,SMP
4859,S1
4860,SMP
4861,SD
4862,D3
4863,S1
4864,SMA
4865,S2
4866,SMP
4867,D4
4868,SMA
4869,S3
4870,S3
4871,D4
4872,S1
4873,SMA
4874,S3
4875,SMP
4876,D1
4877,SMP
4878,S1
4879,S3
4880,SD
4881,S3
4882,SMP
4883,SMA
4884,D2
4885,S2
4886,S3
4887,SMP
4888,S3
4889,S2
4890,SMP
4891,SMA
4892,SMP
4893,D2
4894,D4
4895,S1
4896,SMP
4897,D4
4898,SD
4899,SMP
4900,D4
4901,D1
4902,SMP
4903,SMP
4904,SMP
4905,D1
4906,D4
4907,S2
4908,SD
4909,SMP
4910,SD
4911,SD
4912,SD
4913,SMA
4914,SMP
4915,SMA
4916,D2
4917,S1
4918,D4
4919,SD
4920,D4
4921,SMP
4922,D4
4923,SMP
4924,S3
4925,D3
4926,D2
4927,SMP
4928,SMP
4929,SD
4930,S2
4931,SMP
4932,S3
4933,SD
4934,D4
4935,D4
4936,D1
4937,SD
4938,S3
4939,D4
4940,S3
4941,SMA
4942,S2
4943,D2
4944,D3
4945,D4
4946,SMP
4947,S2
4948,SMA
4949,SMP
4950,D1
4951,SMP
4952,SMP
4953,S1
4954,D2
4955,S1
4956,SMP
4957,D3
4958,D2
4959,SMA
4960,S3
4961,S1
4962,S3
4963,D3
4964,SMP
4965,SMP
4966,D3
4967,S3
4968,S2
4969,SMP
4970,S3
4971,SMP
4972,SMA
4973,SMP
4974,S1
4975,D1
4976,S2
4977,SMP
4978,SMP
4979,D3
4980,S1
4981,D4
4982,D3
4983,SMP
4984,S2
4985,D2
4986,SMP
4987,SMP
4988,D4
4989,SMP
4990,SMA
4991,SMP
4992,SMP
4993,D4
4994,SMP
4995,SMP
4996,D1
4997,SMP
4998,SD
4999,S2
